case_id,court,case_type,filing_date,decision_date,duration_days,judge,petitioner,respondent,act,outcome,num_hearings,judgment_text
FAM/5426/2018,Madras High Court,Family,2018-11-11,2019-04-07,147,Justice Anup Jairam Bhambhani,M/s Global Traders,RERA Authority,"Motor Vehicles Act, 1988",Maintenance Awarded,3,"The respondent filed an application for maintenance under Section 351 of the Hindu Marriage Act. The applicant was not employed and was dependent on the respondent. The court assessed the income of the respondent and the needs of the applicant. The court held that the petitioner was entitled to the relief prayed for. Maintenance of Rs. 1,400,000 per month was maintenance awarded."
WP/5841/2020,Telangana High Court,Constitutional,2020-10-14,2027-01-24,2293,Justice Amit Bansal,Lalita Bai,Commissioner of Income Tax,"Arbitration and Conciliation Act, 1996",Stay Granted,27,A writ petition was filed challenging the constitutional validity of Section 66A IT Act as being violative of Articles 21 and 22 of the Constitution of India. The petitioner contended that the impugned provision was arbitrary and unconstitutional. The respondent argued that the provision was a reasonable restriction in public interest. The court examined the provision in light of the constitutional provisions and precedents. The court held that the petitioner was entitled to the relief prayed for. The petition was stay granted.
LAB/9839/2023,Bombay High Court,Labour,2023-06-02,2030-10-02,2679,Justice Manmohan,Lalita Bai,Life Insurance Corporation,"Insolvency and Bankruptcy Code, 2016",Dismissed,50,"The petitioner was a contractual employee who claimed regularization of services. The court examined the nature of work and the period of employment. Relying on the Supreme Court's guidelines in Umadevi's case, the court held that the statutory provisions had been complied with. The petition was dismissed."
TAX/4109/2019,Orissa High Court,Tax,2019-07-17,2027-04-10,2824,Justice B.R. Gavai,Ashok Verma,EPFO,"Prevention of Corruption Act, 1988",Remanded,61,The revenue appealed against the order of the Income Tax Appellate Tribunal which had ruled in favour of the assessee. The issue involved the taxability of capital gains under the Income Tax Act. The court analysed the statutory provisions and relevant case law. The court held that the statutory provisions had been complied with. The appeal filed by the revenue was remanded.
TAX/1847/2020,Telangana High Court,Tax,2020-09-22,2025-02-28,1620,Justice B.R. Gavai,Sunita Devi,State of Maharashtra,"Consumer Protection Act, 2019",Dismissed,18,The revenue appealed against the order of the Income Tax Appellate Tribunal which had ruled in favour of the assessee. The issue involved the taxability of deemed dividend under the Income Tax Act. The court analysed the statutory provisions and relevant case law. The court held that the impugned order was liable to be set aside. The appeal filed by the revenue was dismissed.
TAX/2502/2023,Hyderabad High Court,Tax,2023-03-07,2029-10-31,2430,Justice Vibhu Bakhru,Ramesh Kumar,Delhi Development Authority,"Consumer Protection Act, 2019",Dismissed,41,"The assessee challenged the assessment order passed by the Assessing Officer under Section 84 of the Income Tax Act, 1961 for the Assessment Year 2018-16. The dispute related to the disallowance of 50,000 as business expenditure. The court examined the nature of the expenditure and the applicable provisions. The court held that the respondent had not committed any illegality. The appeal was dismissed."
TAX/4059/2023,Supreme Court of India,Tax,2023-02-02,2027-01-25,1453,Justice Prathiba M. Singh,Lalita Bai,M/s XYZ Enterprises,"Transfer of Property Act, 1882",Dismissed,19,"The assessee challenged the assessment order passed by the Assessing Officer under Section 227 of the Income Tax Act, 1961 for the Assessment Year 2020-20. The dispute related to the disallowance of 2,250,000 as business expenditure. The court examined the nature of the expenditure and the applicable provisions. The court held that the terms of the contract had been breached by the respondent. The appeal was dismissed."
WP/1941/2023,Madhya Pradesh High Court,Constitutional,2023-03-26,2027-11-16,1696,Justice Hima Kohli,Bharat Lal,Employees State Insurance Corporation,"Consumer Protection Act, 2019",Allowed,24,"The petitioner sought mandamus directing the respondent authority to replace the defective product. The court found that that there was no merit in the contentions raised by the petitioner. In view of the settled legal position, the court directed the respondent to injunction. The petition was disposed of with these directions."
WP/5481/2020,Karnataka High Court,Constitutional,2020-02-01,2025-02-10,1836,Justice Anup Jairam Bhambhani,Vijay Kumar,SEBI,"Consumer Protection Act, 2019",Dismissed,23,A writ petition was filed challenging the constitutional validity of Section 124A IPC as being violative of Articles 32 of the Constitution of India. The petitioner contended that the impugned provision was arbitrary and unconstitutional. The respondent argued that the provision was a reasonable restriction in public interest. The court examined the provision in light of the constitutional provisions and precedents. The court held that the petitioner was entitled to the relief prayed for. The petition was dismissed.
CR/4886/2021,Allahabad High Court,Criminal,2021-12-27,2022-01-28,32,Justice Prathiba M. Singh,Parveen Kumar,Reserve Bank of India,"Income Tax Act, 1961",Convicted,1,The state preferred an appeal against the acquittal of the accused by the trial court. The High Court re-examined the evidence including the testimony of eyewitnesses and forensic reports. The court found that the respondent had failed to discharge its legal obligation and held that the respondent had not committed any illegality. The appeal was convicted.
LAB/8784/2018,Allahabad High Court,Labour,2018-06-28,2022-11-30,1616,Justice Navin Chawla,Deepak Nair,Commissioner of Income Tax,"Right to Information Act, 2005",Settled,34,"The workman challenged the termination of his services by the management under the Industrial Disputes Act, 1947. The labour court had held in favour of the workman. The management challenged this award before the High Court. The court examined whether the statutory conditions had been fulfilled. The court held that the impugned order was liable to be set aside. The writ petition was settled."
WP/1858/2019,Rajasthan High Court,Constitutional,2019-04-03,2021-11-05,947,Justice Surya Kant,Rajesh Singh,SEBI,"GST Act, 2017",Allowed,11,"The petitioner sought mandamus directing the respondent authority to provide the promised service. The court found that that the evidence on record clearly established the petitioner's case. In view of the settled legal position, the court directed the respondent to specific performance. The petition was disposed of with these directions."
CS/7218/2023,Andhra Pradesh High Court,Civil,2023-07-16,2025-04-19,643,Justice Hima Kohli,Meena Kumari,RERA Authority,"Prevention of Corruption Act, 1988",Partially Allowed,7,"The plaintiff instituted a suit for specific performance claiming damages of Rs. 2,600,000. The trial court had decreed the suit in favour of the plaintiff. On appeal, the High Court examined whether the lower court had correctly appreciated the evidence. The court, relying on the Supreme Court decision in (2020) 5 SCC 789, held that the impugned order was liable to be set aside. The appeal was accordingly partially allowed."
WP/7495/2022,Orissa High Court,Constitutional,2022-07-12,2026-06-03,1422,Justice Sanjiv Khanna,Pooja Joshi,State of Rajasthan,"Hindu Marriage Act, 1955",Allowed,17,"A writ petition was filed challenging the constitutional validity of Section 124A IPC as being violative of Articles 14, 19 and 21 of the Constitution of India. The petitioner contended that the impugned provision was arbitrary and unconstitutional. The respondent argued that the provision was a reasonable restriction in public interest. The court examined the provision in light of the constitutional provisions and precedents. The court held that the terms of the contract had been breached by the respondent. The petition was allowed."
ARB/3444/2023,Orissa High Court,Arbitration,2023-04-29,2024-12-31,612,Justice S.C. Sharma,Priya Mehta,Consumer Forum,"Insolvency and Bankruptcy Code, 2016",Award Upheld,10,"The respondent's application under Section 9 of the Arbitration and Conciliation Act, 1996 for interim measures was allowed by the trial court. The petitioner challenged this order. The High Court examined whether the balance of convenience lay in favour of granting interim relief. The court held that the terms of the contract had been breached by the respondent. The appeal was award upheld."
CON/4164/2020,Rajasthan High Court,Consumer,2020-11-17,2026-10-13,2156,Justice Sanjiv Khanna,Union of India,Employees State Insurance Corporation,"Companies Act, 2013",Allowed,28,"The complainant approached the Consumer Forum alleging deficiency in service by the opposite party regarding medical treatment. The complainant had paid Rs. 4,700,000 for the service/product. The opposite party denied the allegations and contended that the impugned provision was arbitrary and unconstitutional. The Forum found that that the respondent had failed to discharge its legal obligation. The complaint was allowed and the opposite party was directed to pay compensation."
FAM/9610/2021,Punjab & Haryana High Court,Family,2021-10-28,2022-03-16,139,Justice Navin Chawla,Ramesh Kumar,State Bank of India,"Environmental Protection Act, 1986",Settled,3,"The respondent filed an application for maintenance under Section 300 of the Hindu Marriage Act. The applicant was not employed and was dependent on the respondent. The court assessed the income of the respondent and the needs of the applicant. The court held that the impugned order was liable to be set aside. Maintenance of Rs. 2,700,000 per month was settled."
CR/9417/2019,Karnataka High Court,Criminal,2019-11-26,2021-07-14,596,Justice Vibhu Bakhru,Sunita Devi,Suresh Kumar,"Insolvency and Bankruptcy Code, 2016",Convicted,16,The state preferred an appeal against the acquittal of the accused by the trial court. The High Court re-examined the evidence including the testimony of eyewitnesses and forensic reports. The court found that the impugned order was passed without following due process and held that the petitioner was entitled to the relief prayed for. The appeal was convicted.
CS/2425/2021,Hyderabad High Court,Civil,2021-01-03,2027-06-26,2365,Justice J.B. Pardiwala,Vijay Kumar,Central Board of Direct Taxes,"Specific Relief Act, 1963",Dismissed,44,"The plaintiff instituted a suit for specific performance claiming damages of Rs. 3,850,000. The trial court had decreed the suit in favour of the plaintiff. On appeal, the High Court examined whether the limitation period had expired. The court, relying on the Supreme Court decision in AIR 2019 SC 1234, held that the statutory provisions had been complied with. The appeal was accordingly dismissed."
CON/7239/2021,Telangana High Court,Consumer,2021-07-10,2027-01-31,2031,Justice Manmohan,M/s Sharma & Sons,Labour Commissioner,"Industrial Disputes Act, 1947",Partially Allowed,28,"The complainant alleged that the opposite party had sold a defective product and refused to replace or refund the amount. The District Consumer Forum had dismissed the complaint. In appeal, the State Commission examined the evidence and held that the impugned order was liable to be set aside. The opposite party was directed to replace the defective product."
FAM/6809/2022,Madhya Pradesh High Court,Family,2022-10-13,2023-08-30,321,Justice Dhiraj Singh Thakur,Seema Agarwal,Reserve Bank of India,"Companies Act, 2013",Settled,10,"The petitioner filed a petition for recovery of money under Section 138 of the Hindu Marriage Act, 1955. The parties had been married for 4 years and had 4 children. The court examined the grounds alleged and found that the petitioner had established a prima facie case. After considering the welfare of the children and the circumstances of the parties, the court held that the petitioner was entitled to the relief prayed for. The petition was settled."
ARB/6535/2020,Calcutta High Court,Arbitration,2020-06-02,2024-11-23,1635,Justice Dhiraj Singh Thakur,Nirmala Devi,Reserve Bank of India,"Transfer of Property Act, 1882",Remanded,30,"The respondent's application under Section 9 of the Arbitration and Conciliation Act, 1996 for interim measures was allowed by the trial court. The petitioner challenged this order. The High Court examined whether the balance of convenience lay in favour of granting interim relief. The court held that the petitioner was entitled to the relief prayed for. The appeal was remanded."
CR/8729/2021,Punjab & Haryana High Court,Criminal,2021-10-08,2028-05-03,2399,Justice J.B. Pardiwala,Pooja Joshi,Life Insurance Corporation,"Negotiable Instruments Act, 1881",Bail Granted,32,The state preferred an appeal against the acquittal of the accused by the trial court. The High Court re-examined the evidence including the testimony of eyewitnesses and forensic reports. The court found that the impugned order was passed without following due process and held that the petitioner was entitled to the relief prayed for. The appeal was bail granted.
WP/4425/2021,Punjab & Haryana High Court,Constitutional,2021-01-23,2024-06-05,1229,Justice Hima Kohli,Suresh Prasad,State Bank of India,"Insolvency and Bankruptcy Code, 2016",Dismissed,16,"A writ petition was filed challenging the constitutional validity of Section 377 IPC as being violative of Articles 14, 19 and 21 of the Constitution of India. The petitioner contended that the impugned provision was arbitrary and unconstitutional. The respondent argued that the provision was a reasonable restriction in public interest. The court examined the provision in light of the constitutional provisions and precedents. The court held that the respondent had not committed any illegality. The petition was dismissed."
LAB/6687/2023,Calcutta High Court,Labour,2023-11-29,2030-03-27,2310,Justice Prathiba M. Singh,Harish Chandra,Ramji Lal,"Motor Vehicles Act, 1988",Allowed,62,"The petitioner was a contractual employee who claimed regularization of services. The court examined the nature of work and the period of employment. Relying on the Supreme Court's guidelines in Umadevi's case, the court held that the respondent had not committed any illegality. The petition was allowed."
LAB/1532/2023,Delhi High Court,Labour,2023-03-04,2030-05-16,2630,Justice Yashwant Varma,Lalita Bai,National Insurance Co.,Indian Penal Code (IPC),Reinstated,30,"The workman challenged the termination of his services by the management under the Industrial Disputes Act, 1947. The labour court had held in favour of the workman. The management challenged this award before the High Court. The court examined whether the limitation period had expired. The court held that the statutory provisions had been complied with. The writ petition was reinstated."
CS/7048/2021,Telangana High Court,Civil,2021-03-05,2028-12-02,2829,Justice Anup Jairam Bhambhani,Usha Rani,M/s XYZ Enterprises,"Consumer Protection Act, 2019",Settled,73,"The petitioner filed a civil suit seeking specific performance against the respondent. The court examined the evidence presented by both parties including documentary and oral testimony. After careful consideration of the legal arguments and precedents cited, the court found that the impugned order was passed without following due process. The court held that the impugned order was liable to be set aside. The petition was settled with costs."
CS/8076/2020,Madhya Pradesh High Court,Civil,2020-04-08,2023-01-22,1019,Justice Pamidighantam Sri Narasimha,Ramesh Kumar,District Collector,Code of Criminal Procedure (CrPC),Partially Allowed,13,"The plaintiff instituted a suit for possession of property claiming damages of Rs. 100,000. The trial court had decreed the suit in favour of the plaintiff. On appeal, the High Court examined whether the lower court had correctly appreciated the evidence. The court, relying on the Supreme Court decision in AIR 2019 SC 1234, held that the impugned order was liable to be set aside. The appeal was accordingly partially allowed."
ARB/2890/2022,Allahabad High Court,Arbitration,2022-11-30,2029-10-25,2521,Justice Vibhu Bakhru,Sanjay Mishra,Central Board of Direct Taxes,"Companies Act, 2013",Award Upheld,67,"The respondent's application under Section 9 of the Arbitration and Conciliation Act, 1996 for interim measures was allowed by the trial court. The petitioner challenged this order. The High Court examined whether the balance of convenience lay in favour of granting interim relief. The court held that the petitioner was entitled to the relief prayed for. The appeal was award upheld."
TAX/3747/2018,Bombay High Court,Tax,2018-09-14,2021-11-02,1145,Justice J.B. Pardiwala,Kavita Sharma,Sita Devi,"Industrial Disputes Act, 1947",Allowed,29,The revenue appealed against the order of the Income Tax Appellate Tribunal which had ruled in favour of the assessee. The issue involved the taxability of royalty under the Income Tax Act. The court analysed the statutory provisions and relevant case law. The court held that the impugned order was liable to be set aside. The appeal filed by the revenue was allowed.
LAB/8559/2018,Gujarat High Court,Labour,2018-03-27,2025-12-06,2811,Justice Hima Kohli,Nirmala Devi,Municipal Corporation,"GST Act, 2017",Dismissed,77,"The petitioner was a contractual employee who claimed regularization of services. The court examined the nature of work and the period of employment. Relying on the Supreme Court's guidelines in Umadevi's case, the court held that the respondent had not committed any illegality. The petition was dismissed."
FAM/2353/2019,Orissa High Court,Family,2019-08-17,2026-08-11,2551,Justice Surya Kant,Anil Gupta,Labour Commissioner,"Companies Act, 2013",Divorce Granted,34,"The petitioner filed a petition for declaration under Section 445 of the Hindu Marriage Act, 1955. The parties had been married for 22 years and had 0 children. The court examined the grounds alleged and found that the impugned order was passed without following due process. After considering the welfare of the children and the circumstances of the parties, the court held that the terms of the contract had been breached by the respondent. The petition was divorce granted."
CR/3254/2022,Madhya Pradesh High Court,Criminal,2022-11-19,2027-08-13,1728,Justice Dhiraj Singh Thakur,Ashok Verma,Commissioner of Income Tax,Code of Civil Procedure (CPC),Case Withdrawn,32,"The accused was charged under Section 125 of the Indian Penal Code for the alleged offence of assault. The prosecution examined 10 witnesses to establish its case. The court analysed the evidence on record and found that there was no merit in the contentions raised by the petitioner. Having regard to the totality of evidence, the court held that the statutory provisions had been complied with. The accused was case withdrawn."
CON/6098/2019,Allahabad High Court,Consumer,2019-07-31,2025-06-24,2155,Justice Hima Kohli,Rajesh Singh,Life Insurance Corporation,"Income Tax Act, 1961",Partially Allowed,29,"The complainant alleged that the opposite party had sold a defective product and refused to replace or refund the amount. The District Consumer Forum had dismissed the complaint. In appeal, the State Commission examined the evidence and held that the respondent had not committed any illegality. The opposite party was directed to refund the amount with interest."
CR/9760/2022,Hyderabad High Court,Criminal,2022-09-29,2024-03-08,526,Justice Dhiraj Singh Thakur,Rajesh Singh,Municipal Corporation,"Consumer Protection Act, 2019",Bail Rejected,7,"The accused was charged under Section 156 of the Indian Penal Code for the alleged offence of cheating. The prosecution examined 14 witnesses to establish its case. The court analysed the evidence on record and found that the evidence on record clearly established the petitioner's case. Having regard to the totality of evidence, the court held that the respondent had not committed any illegality. The accused was bail rejected."
WP/7368/2023,Rajasthan High Court,Constitutional,2023-09-08,2025-04-23,593,Justice B.R. Gavai,M/s Sharma & Sons,Central Board of Direct Taxes,"Transfer of Property Act, 1882",Dismissed,6,"The petitioner sought mandamus directing the respondent authority to provide the promised service. The court found that that there was no merit in the contentions raised by the petitioner. In view of the settled legal position, the court directed the respondent to possession of property. The petition was disposed of with these directions."
CON/7257/2019,Supreme Court of India,Consumer,2019-04-24,2021-04-28,735,Justice Sanjiv Khanna,Harish Chandra,National Insurance Co.,"Industrial Disputes Act, 1947",Dismissed,8,"The complainant alleged that the opposite party had sold a defective product and refused to replace or refund the amount. The District Consumer Forum had dismissed the complaint. In appeal, the State Commission examined the evidence and held that the impugned order was liable to be set aside. The opposite party was directed to refund the amount with interest."
CS/2853/2023,Karnataka High Court,Civil,2023-09-17,2027-10-07,1481,Justice Navin Chawla,Sanjay Mishra,Reserve Bank of India,"Motor Vehicles Act, 1988",Settled,26,"The petitioner filed a civil suit seeking specific performance against the respondent. The court examined the evidence presented by both parties including documentary and oral testimony. After careful consideration of the legal arguments and precedents cited, the court found that the evidence on record clearly established the petitioner's case. The court held that the terms of the contract had been breached by the respondent. The petition was settled with costs."
CR/4256/2018,Telangana High Court,Criminal,2018-03-16,2025-05-22,2624,Justice A.S. Bopanna,Harish Chandra,Life Insurance Corporation,Indian Penal Code (IPC),Convicted,55,The state preferred an appeal against the acquittal of the accused by the trial court. The High Court re-examined the evidence including the testimony of eyewitnesses and forensic reports. The court found that there was no merit in the contentions raised by the petitioner and held that the statutory provisions had been complied with. The appeal was convicted.
FAM/4978/2023,Rajasthan High Court,Family,2023-08-06,2028-04-24,1723,Justice Anup Jairam Bhambhani,Manoj Tiwari,State of Rajasthan,"GST Act, 2017",Maintenance Awarded,19,"The respondent filed an application for maintenance under Section 26 of the Hindu Marriage Act. The applicant was not employed and was dependent on the respondent. The court assessed the income of the respondent and the needs of the applicant. The court held that the terms of the contract had been breached by the respondent. Maintenance of Rs. 4,800,000 per month was maintenance awarded."
LAB/5728/2019,Karnataka High Court,Labour,2019-10-07,2022-10-05,1094,Justice Dhiraj Singh Thakur,Suresh Prasad,SEBI,"Arbitration and Conciliation Act, 1996",Reinstated,12,"The petitioner was a contractual employee who claimed regularization of services. The court examined the nature of work and the period of employment. Relying on the Supreme Court's guidelines in Umadevi's case, the court held that the statutory provisions had been complied with. The petition was reinstated."
CS/8133/2023,Calcutta High Court,Civil,2023-03-01,2027-07-08,1590,Justice Yashwant Varma,Usha Rani,RERA Authority,"Companies Act, 2013",Partially Allowed,18,"The plaintiff instituted a suit for possession of property claiming damages of Rs. 2,050,000. The trial court had decreed the suit in favour of the plaintiff. On appeal, the High Court examined whether there was a valid cause of action. The court, relying on the Supreme Court decision in AIR 2018 SC 567, held that the impugned order was liable to be set aside. The appeal was accordingly partially allowed."
TAX/5282/2018,Supreme Court of India,Tax,2018-07-21,2020-02-26,585,Justice Hima Kohli,M/s Tech Solutions Pvt Ltd,SEBI,"Income Tax Act, 1961",Partially Allowed,9,The revenue appealed against the order of the Income Tax Appellate Tribunal which had ruled in favour of the assessee. The issue involved the taxability of royalty under the Income Tax Act. The court analysed the statutory provisions and relevant case law. The court held that the statutory provisions had been complied with. The appeal filed by the revenue was partially allowed.
WP/1648/2022,Bombay High Court,Constitutional,2022-12-19,2024-11-07,689,Justice Prathiba M. Singh,Lalita Bai,National Insurance Co.,"Companies Act, 2013",Stay Granted,10,"The petitioner sought mandamus directing the respondent authority to refund the amount with interest. The court found that that there was no merit in the contentions raised by the petitioner. In view of the settled legal position, the court directed the respondent to recovery of money. The petition was disposed of with these directions."
CON/2271/2021,Rajasthan High Court,Consumer,2021-04-27,2024-11-07,1290,Justice A.S. Bopanna,Sanjay Mishra,Commissioner of Income Tax,"Specific Relief Act, 1963",Allowed,18,"The complainant alleged that the opposite party had sold a defective product and refused to replace or refund the amount. The District Consumer Forum had dismissed the complaint. In appeal, the State Commission examined the evidence and held that the petitioner was entitled to the relief prayed for. The opposite party was directed to replace the defective product."
FAM/5648/2021,Supreme Court of India,Family,2021-09-05,2027-01-07,1950,Justice S.C. Sharma,Parveen Kumar,Labour Commissioner,Code of Civil Procedure (CPC),Dismissed,35,"The petitioner filed a petition for possession of property under Section 180 of the Hindu Marriage Act, 1955. The parties had been married for 3 years and had 2 children. The court examined the grounds alleged and found that the petitioner had established a prima facie case. After considering the welfare of the children and the circumstances of the parties, the court held that the statutory provisions had been complied with. The petition was dismissed."
ARB/6456/2021,Punjab & Haryana High Court,Arbitration,2021-09-16,2025-02-27,1260,Justice Prathiba M. Singh,Harish Chandra,Central Board of Direct Taxes,"POCSO Act, 2012",Award Set Aside,19,"The petitioner challenged the arbitral award dated 12/03/2019 passed by the sole arbitrator under Section 34 of the Arbitration and Conciliation Act, 1996. The dispute related to breach of supply agreement. The court examined whether the award suffered from any patent illegality or was in conflict with public policy. The court found that there was no merit in the contentions raised by the petitioner. The petition was award set aside."
WP/3257/2021,Andhra Pradesh High Court,Constitutional,2021-10-19,2028-08-26,2503,Justice Prathiba M. Singh,Ramesh Kumar,National Insurance Co.,"Hindu Marriage Act, 1955",Allowed,41,"The petitioner sought mandamus directing the respondent authority to refund the amount with interest. The court found that that the respondent had failed to discharge its legal obligation. In view of the settled legal position, the court directed the respondent to specific performance. The petition was disposed of with these directions."
FAM/4045/2022,Hyderabad High Court,Family,2022-05-16,2030-07-25,2992,Justice J.B. Pardiwala,Suresh Prasad,Sita Devi,"Arbitration and Conciliation Act, 1996",Divorce Granted,94,"The respondent filed an application for maintenance under Section 333 of the Hindu Marriage Act. The applicant was not employed and was dependent on the respondent. The court assessed the income of the respondent and the needs of the applicant. The court held that the terms of the contract had been breached by the respondent. Maintenance of Rs. 3,350,000 per month was divorce granted."
LAB/5147/2021,Calcutta High Court,Labour,2021-06-25,2025-06-16,1452,Justice Anup Jairam Bhambhani,Harish Chandra,State Bank of India,Code of Civil Procedure (CPC),Allowed,23,"The workman challenged the termination of his services by the management under the Industrial Disputes Act, 1947. The labour court had held in favour of the workman. The management challenged this award before the High Court. The court examined whether the limitation period had expired. The court held that the petitioner was entitled to the relief prayed for. The writ petition was allowed."
LAB/2859/2023,Delhi High Court,Labour,2023-02-11,2026-09-25,1322,Justice Navin Chawla,Anil Gupta,Suresh Kumar,"Prevention of Corruption Act, 1988",Settled,22,"The petitioner was a contractual employee who claimed regularization of services. The court examined the nature of work and the period of employment. Relying on the Supreme Court's guidelines in Umadevi's case, the court held that the terms of the contract had been breached by the respondent. The petition was settled."
ARB/5322/2023,Supreme Court of India,Arbitration,2023-01-02,2024-01-15,378,Justice Sanjiv Khanna,Bharat Lal,Reserve Bank of India,"Insolvency and Bankruptcy Code, 2016",Award Upheld,4,"The respondent's application under Section 9 of the Arbitration and Conciliation Act, 1996 for interim measures was allowed by the trial court. The petitioner challenged this order. The High Court examined whether the balance of convenience lay in favour of granting interim relief. The court held that the impugned order was liable to be set aside. The appeal was award upheld."
CR/6592/2023,Rajasthan High Court,Criminal,2023-07-12,2026-02-02,936,Justice Navin Chawla,Sunita Devi,SEBI,"Negotiable Instruments Act, 1881",Acquitted,14,The state preferred an appeal against the acquittal of the accused by the trial court. The High Court re-examined the evidence including the testimony of eyewitnesses and forensic reports. The court found that the petitioner had established a prima facie case and held that the statutory provisions had been complied with. The appeal was acquitted.
TAX/2754/2019,Orissa High Court,Tax,2019-07-29,2022-07-09,1076,Justice S.C. Sharma,Anil Gupta,Central Board of Direct Taxes,Code of Civil Procedure (CPC),Remanded,28,The revenue appealed against the order of the Income Tax Appellate Tribunal which had ruled in favour of the assessee. The issue involved the taxability of capital gains under the Income Tax Act. The court analysed the statutory provisions and relevant case law. The court held that the statutory provisions had been complied with. The appeal filed by the revenue was remanded.
LAB/6308/2021,Karnataka High Court,Labour,2021-12-21,2025-10-11,1390,Justice Surya Kant,Nirmala Devi,National Insurance Co.,"Transfer of Property Act, 1882",Reinstated,41,"The petitioner was a contractual employee who claimed regularization of services. The court examined the nature of work and the period of employment. Relying on the Supreme Court's guidelines in Umadevi's case, the court held that the impugned order was liable to be set aside. The petition was reinstated."
TAX/8211/2019,Gujarat High Court,Tax,2019-06-21,2025-09-21,2284,Justice S.C. Sharma,Deepak Nair,Central Board of Direct Taxes,"Environmental Protection Act, 1986",Remanded,30,"The assessee challenged the assessment order passed by the Assessing Officer under Section 481 of the Income Tax Act, 1961 for the Assessment Year 2017-17. The dispute related to the disallowance of 3,100,000 as business expenditure. The court examined the nature of the expenditure and the applicable provisions. The court held that the statutory provisions had been complied with. The appeal was remanded."
CR/7760/2018,Allahabad High Court,Criminal,2018-04-25,2022-10-15,1634,Justice Surya Kant,Rakesh Yadav,Consumer Forum,"Negotiable Instruments Act, 1881",Bail Granted,30,The state preferred an appeal against the acquittal of the accused by the trial court. The High Court re-examined the evidence including the testimony of eyewitnesses and forensic reports. The court found that there was no merit in the contentions raised by the petitioner and held that the petitioner was entitled to the relief prayed for. The appeal was bail granted.
CS/6983/2022,Andhra Pradesh High Court,Civil,2022-10-26,2023-03-21,146,Justice B.R. Gavai,Harish Chandra,Commissioner of Income Tax,"Prevention of Corruption Act, 1988",Dismissed,2,"The plaintiff instituted a suit for injunction claiming damages of Rs. 150,000. The trial court had decreed the suit in favour of the plaintiff. On appeal, the High Court examined whether the lower court had correctly appreciated the evidence. The court, relying on the Supreme Court decision in (2022) 3 SCC 123, held that the statutory provisions had been complied with. The appeal was accordingly dismissed."
CON/4635/2023,Hyderabad High Court,Consumer,2023-06-04,2026-10-02,1216,Justice Yashwant Varma,Rekha Devi,Suresh Kumar,"POCSO Act, 2012",Partially Allowed,14,"The complainant approached the Consumer Forum alleging deficiency in service by the opposite party regarding insurance claim. The complainant had paid Rs. 3,050,000 for the service/product. The opposite party denied the allegations and contended that the impugned provision was arbitrary and unconstitutional. The Forum found that that the petitioner had established a prima facie case. The complaint was partially allowed and the opposite party was directed to pay compensation."
ARB/5798/2023,Karnataka High Court,Arbitration,2023-06-16,2031-01-05,2760,Justice Anup Jairam Bhambhani,Geeta Singh,M/s ABC Industries,"Right to Information Act, 2005",Award Set Aside,30,"The petitioner challenged the arbitral award dated 13/05/2023 passed by the sole arbitrator under Section 34 of the Arbitration and Conciliation Act, 1996. The dispute related to defective construction work. The court examined whether the award suffered from any patent illegality or was in conflict with public policy. The court found that the impugned order was passed without following due process. The petition was award set aside."
ARB/6696/2022,Madras High Court,Arbitration,2022-06-24,2024-07-24,761,Justice Hima Kohli,Sanjay Mishra,State Bank of India,"Arbitration and Conciliation Act, 1996",Award Set Aside,12,"The petitioner challenged the arbitral award dated 25/05/2020 passed by the sole arbitrator under Section 34 of the Arbitration and Conciliation Act, 1996. The dispute related to breach of supply agreement. The court examined whether the award suffered from any patent illegality or was in conflict with public policy. The court found that the evidence on record clearly established the petitioner's case. The petition was award set aside."
CS/3577/2020,Hyderabad High Court,Civil,2020-02-20,2021-08-10,537,Justice Prathiba M. Singh,Rekha Devi,Reserve Bank of India,"Motor Vehicles Act, 1988",Settled,11,"The petitioner filed a civil suit seeking declaration against the respondent. The court examined the evidence presented by both parties including documentary and oral testimony. After careful consideration of the legal arguments and precedents cited, the court found that the evidence on record clearly established the petitioner's case. The court held that the terms of the contract had been breached by the respondent. The petition was settled with costs."
FAM/5220/2020,Rajasthan High Court,Family,2020-12-11,2028-06-02,2730,Justice A.S. Bopanna,Manoj Tiwari,Sita Devi,"Arbitration and Conciliation Act, 1996",Settled,41,"The petitioner filed a petition for specific performance under Section 252 of the Hindu Marriage Act, 1955. The parties had been married for 4 years and had 0 children. The court examined the grounds alleged and found that there was no merit in the contentions raised by the petitioner. After considering the welfare of the children and the circumstances of the parties, the court held that the impugned order was liable to be set aside. The petition was settled."
WP/7603/2020,Hyderabad High Court,Constitutional,2020-05-24,2026-08-17,2276,Justice Surya Kant,Mohan Lal,Commissioner of Income Tax,"Prevention of Corruption Act, 1988",Allowed,52,"The petitioner sought mandamus directing the respondent authority to refund the amount with interest. The court found that that the petitioner had established a prima facie case. In view of the settled legal position, the court directed the respondent to possession of property. The petition was disposed of with these directions."
CS/8808/2020,Punjab & Haryana High Court,Civil,2020-05-08,2028-07-25,3000,Justice A.S. Bopanna,Parveen Kumar,National Insurance Co.,Indian Penal Code (IPC),Settled,42,"The petitioner filed a civil suit seeking possession of property against the respondent. The court examined the evidence presented by both parties including documentary and oral testimony. After careful consideration of the legal arguments and precedents cited, the court found that the evidence on record clearly established the petitioner's case. The court held that the petitioner was entitled to the relief prayed for. The petition was settled with costs."
TAX/7119/2023,Orissa High Court,Tax,2023-09-05,2027-08-29,1454,Justice Sanjiv Khanna,Rekha Devi,M/s XYZ Enterprises,"Insolvency and Bankruptcy Code, 2016",Remanded,21,"The assessee challenged the assessment order passed by the Assessing Officer under Section 149 of the Income Tax Act, 1961 for the Assessment Year 2021-18. The dispute related to the disallowance of 100,000 as business expenditure. The court examined the nature of the expenditure and the applicable provisions. The court held that the impugned order was liable to be set aside. The appeal was remanded."
CON/5596/2022,Madras High Court,Consumer,2022-01-01,2028-09-17,2451,Justice Sanjiv Khanna,Seema Agarwal,District Collector,"Prevention of Corruption Act, 1988",Dismissed,40,"The complainant alleged that the opposite party had sold a defective product and refused to replace or refund the amount. The District Consumer Forum had dismissed the complaint. In appeal, the State Commission examined the evidence and held that the statutory provisions had been complied with. The opposite party was directed to refund the amount with interest."
LAB/5209/2018,Karnataka High Court,Labour,2018-10-29,2022-03-28,1246,Justice Surya Kant,Kavita Sharma,State of Maharashtra,Code of Civil Procedure (CPC),Reinstated,29,"The petitioner was a contractual employee who claimed regularization of services. The court examined the nature of work and the period of employment. Relying on the Supreme Court's guidelines in Umadevi's case, the court held that the terms of the contract had been breached by the respondent. The petition was reinstated."
CR/4546/2022,Orissa High Court,Criminal,2022-01-15,2027-02-13,1855,Justice Amit Bansal,Sunita Devi,Reserve Bank of India,"Transfer of Property Act, 1882",Case Withdrawn,34,The state preferred an appeal against the acquittal of the accused by the trial court. The High Court re-examined the evidence including the testimony of eyewitnesses and forensic reports. The court found that there was no merit in the contentions raised by the petitioner and held that the respondent had not committed any illegality. The appeal was case withdrawn.
ARB/9761/2020,Calcutta High Court,Arbitration,2020-07-11,2025-06-25,1810,Justice A.S. Bopanna,Vijay Kumar,Delhi Development Authority,"Protection of Women from Domestic Violence Act, 2005",Award Upheld,21,"The respondent's application under Section 9 of the Arbitration and Conciliation Act, 1996 for interim measures was allowed by the trial court. The petitioner challenged this order. The High Court examined whether the balance of convenience lay in favour of granting interim relief. The court held that the respondent had not committed any illegality. The appeal was award upheld."
ARB/7204/2019,Hyderabad High Court,Arbitration,2019-07-04,2025-03-15,2081,Justice Sanjiv Khanna,Nirmala Devi,Sita Devi,"GST Act, 2017",Remanded,28,"The petitioner challenged the arbitral award dated 18/08/2020 passed by the sole arbitrator under Section 34 of the Arbitration and Conciliation Act, 1996. The dispute related to defective construction work. The court examined whether the award suffered from any patent illegality or was in conflict with public policy. The court found that the petitioner had established a prima facie case. The petition was remanded."
WP/9887/2020,Gujarat High Court,Constitutional,2020-06-30,2021-03-05,248,Justice Manmohan,Rajesh Singh,Central Board of Direct Taxes,Code of Criminal Procedure (CrPC),Dismissed,2,A writ petition was filed challenging the constitutional validity of Section 377 IPC as being violative of Articles 21 and 22 of the Constitution of India. The petitioner contended that the impugned provision was arbitrary and unconstitutional. The respondent argued that the provision was a reasonable restriction in public interest. The court examined the provision in light of the constitutional provisions and precedents. The court held that the petitioner was entitled to the relief prayed for. The petition was dismissed.
TAX/2407/2020,Gujarat High Court,Tax,2020-04-29,2026-12-19,2425,Justice Surya Kant,Vijay Kumar,M/s XYZ Enterprises,"Prevention of Corruption Act, 1988",Dismissed,29,"The assessee challenged the assessment order passed by the Assessing Officer under Section 454 of the Income Tax Act, 1961 for the Assessment Year 2021-16. The dispute related to the disallowance of 1,350,000 as business expenditure. The court examined the nature of the expenditure and the applicable provisions. The court held that the terms of the contract had been breached by the respondent. The appeal was dismissed."
ARB/8814/2020,Orissa High Court,Arbitration,2020-08-02,2021-10-05,429,Justice Surya Kant,Kavita Sharma,Delhi Development Authority,"Prevention of Corruption Act, 1988",Award Set Aside,5,"The petitioner challenged the arbitral award dated 13/04/2023 passed by the sole arbitrator under Section 34 of the Arbitration and Conciliation Act, 1996. The dispute related to non-payment of contract price. The court examined whether the award suffered from any patent illegality or was in conflict with public policy. The court found that the respondent had failed to discharge its legal obligation. The petition was award set aside."
TAX/4849/2019,Madras High Court,Tax,2019-04-22,2019-08-23,123,Justice A.S. Bopanna,Rekha Devi,EPFO,"GST Act, 2017",Remanded,2,"The assessee challenged the assessment order passed by the Assessing Officer under Section 32 of the Income Tax Act, 1961 for the Assessment Year 2020-20. The dispute related to the disallowance of 50,000 as business expenditure. The court examined the nature of the expenditure and the applicable provisions. The court held that the terms of the contract had been breached by the respondent. The appeal was remanded."
CON/2672/2020,Rajasthan High Court,Consumer,2020-08-25,2023-03-04,921,Justice Surya Kant,Ramesh Kumar,Ramji Lal,"Right to Information Act, 2005",Dismissed,12,"The complainant alleged that the opposite party had sold a defective product and refused to replace or refund the amount. The District Consumer Forum had dismissed the complaint. In appeal, the State Commission examined the evidence and held that the terms of the contract had been breached by the respondent. The opposite party was directed to replace the defective product."
CS/8953/2021,Madras High Court,Civil,2021-06-28,2029-04-04,2837,Justice Pamidighantam Sri Narasimha,Priya Mehta,Suresh Kumar,"Right to Information Act, 2005",Allowed,34,"The plaintiff instituted a suit for specific performance claiming damages of Rs. 4,000,000. The trial court had decreed the suit in favour of the plaintiff. On appeal, the High Court examined whether the limitation period had expired. The court, relying on the Supreme Court decision in 2021 SCC 456, held that the respondent had not committed any illegality. The appeal was accordingly allowed."
CR/9785/2020,Rajasthan High Court,Criminal,2020-10-16,2024-09-05,1420,Justice Anup Jairam Bhambhani,Bharat Lal,RERA Authority,"Prevention of Corruption Act, 1988",Acquitted,20,"The accused was charged under Section 324 of the Indian Penal Code for the alleged offence of murder. The prosecution examined 5 witnesses to establish its case. The court analysed the evidence on record and found that there was no merit in the contentions raised by the petitioner. Having regard to the totality of evidence, the court held that the petitioner was entitled to the relief prayed for. The accused was acquitted."
FAM/4895/2018,Karnataka High Court,Family,2018-05-24,2020-09-18,848,Justice Navin Chawla,Harish Chandra,Life Insurance Corporation,"Negotiable Instruments Act, 1881",Divorce Granted,10,"The respondent filed an application for maintenance under Section 128 of the Hindu Marriage Act. The applicant was not employed and was dependent on the respondent. The court assessed the income of the respondent and the needs of the applicant. The court held that the petitioner was entitled to the relief prayed for. Maintenance of Rs. 4,050,000 per month was divorce granted."
CON/4503/2020,Punjab & Haryana High Court,Consumer,2020-11-30,2024-02-25,1182,Justice Anup Jairam Bhambhani,Rekha Devi,EPFO,"Transfer of Property Act, 1882",Allowed,24,"The complainant approached the Consumer Forum alleging deficiency in service by the opposite party regarding medical treatment. The complainant had paid Rs. 4,700,000 for the service/product. The opposite party denied the allegations and contended that the impugned provision was arbitrary and unconstitutional. The Forum found that that the petitioner had established a prima facie case. The complaint was allowed and the opposite party was directed to pay compensation."
ARB/5893/2018,Punjab & Haryana High Court,Arbitration,2018-12-24,2024-06-21,2006,Justice Prathiba M. Singh,Harish Chandra,SEBI,"Right to Information Act, 2005",Remanded,44,"The respondent's application under Section 9 of the Arbitration and Conciliation Act, 1996 for interim measures was allowed by the trial court. The petitioner challenged this order. The High Court examined whether the balance of convenience lay in favour of granting interim relief. The court held that the petitioner was entitled to the relief prayed for. The appeal was remanded."
CON/9895/2020,Allahabad High Court,Consumer,2020-02-21,2021-08-08,534,Justice Yashwant Varma,Union of India,M/s ABC Industries,"Protection of Women from Domestic Violence Act, 2005",Settled,8,"The complainant alleged that the opposite party had sold a defective product and refused to replace or refund the amount. The District Consumer Forum had dismissed the complaint. In appeal, the State Commission examined the evidence and held that the impugned order was liable to be set aside. The opposite party was directed to refund the amount with interest."
LAB/2063/2023,Madhya Pradesh High Court,Labour,2023-06-14,2031-01-30,2787,Justice J.B. Pardiwala,Deepak Nair,M/s XYZ Enterprises,Code of Criminal Procedure (CrPC),Allowed,34,"The petitioner was a contractual employee who claimed regularization of services. The court examined the nature of work and the period of employment. Relying on the Supreme Court's guidelines in Umadevi's case, the court held that the petitioner was entitled to the relief prayed for. The petition was allowed."
WP/5293/2020,Allahabad High Court,Constitutional,2020-11-30,2022-12-18,748,Justice J.B. Pardiwala,Pooja Joshi,State of Maharashtra,Code of Criminal Procedure (CrPC),Allowed,18,"The petitioner sought mandamus directing the respondent authority to refund the amount with interest. The court found that that the impugned order was passed without following due process. In view of the settled legal position, the court directed the respondent to specific performance. The petition was disposed of with these directions."
LAB/7263/2020,Delhi High Court,Labour,2020-03-12,2026-11-09,2433,Justice Anup Jairam Bhambhani,M/s Sharma & Sons,M/s XYZ Enterprises,"Protection of Women from Domestic Violence Act, 2005",Dismissed,37,"The workman challenged the termination of his services by the management under the Industrial Disputes Act, 1947. The labour court had held in favour of the workman. The management challenged this award before the High Court. The court examined whether the lower court had correctly appreciated the evidence. The court held that the petitioner was entitled to the relief prayed for. The writ petition was dismissed."
LAB/2908/2022,Supreme Court of India,Labour,2022-09-10,2026-07-19,1408,Justice B.R. Gavai,Parveen Kumar,Labour Commissioner,Indian Penal Code (IPC),Settled,28,"The workman challenged the termination of his services by the management under the Industrial Disputes Act, 1947. The labour court had held in favour of the workman. The management challenged this award before the High Court. The court examined whether there was a valid cause of action. The court held that the respondent had not committed any illegality. The writ petition was settled."
ARB/5667/2022,Punjab & Haryana High Court,Arbitration,2022-03-02,2026-01-19,1419,Justice Amit Bansal,Kavita Sharma,Delhi Development Authority,"Right to Information Act, 2005",Remanded,21,"The petitioner challenged the arbitral award dated 11/03/2019 passed by the sole arbitrator under Section 34 of the Arbitration and Conciliation Act, 1996. The dispute related to non-payment of contract price. The court examined whether the award suffered from any patent illegality or was in conflict with public policy. The court found that the petitioner had established a prima facie case. The petition was remanded."
ARB/7350/2020,Orissa High Court,Arbitration,2020-02-05,2023-04-09,1159,Justice Manmohan,Sunita Devi,M/s ABC Industries,"Right to Information Act, 2005",Award Set Aside,35,"The petitioner challenged the arbitral award dated 15/09/2020 passed by the sole arbitrator under Section 34 of the Arbitration and Conciliation Act, 1996. The dispute related to non-payment of contract price. The court examined whether the award suffered from any patent illegality or was in conflict with public policy. The court found that the impugned order was passed without following due process. The petition was award set aside."
TAX/5942/2022,Madras High Court,Tax,2022-05-30,2026-07-19,1511,Justice Surya Kant,Deepak Nair,District Collector,"Insolvency and Bankruptcy Code, 2016",Partially Allowed,33,"The assessee challenged the assessment order passed by the Assessing Officer under Section 381 of the Income Tax Act, 1961 for the Assessment Year 2020-19. The dispute related to the disallowance of 150,000 as business expenditure. The court examined the nature of the expenditure and the applicable provisions. The court held that the statutory provisions had been complied with. The appeal was partially allowed."
CON/4286/2019,Rajasthan High Court,Consumer,2019-06-26,2024-08-30,1892,Justice S.C. Sharma,Mohan Lal,Commissioner of Income Tax,"Arbitration and Conciliation Act, 1996",Dismissed,32,"The complainant alleged that the opposite party had sold a defective product and refused to replace or refund the amount. The District Consumer Forum had dismissed the complaint. In appeal, the State Commission examined the evidence and held that the impugned order was liable to be set aside. The opposite party was directed to provide the promised service."
TAX/5889/2023,Rajasthan High Court,Tax,2023-11-11,2025-04-23,529,Justice S.C. Sharma,M/s Sharma & Sons,Central Board of Direct Taxes,"Insolvency and Bankruptcy Code, 2016",Allowed,6,The revenue appealed against the order of the Income Tax Appellate Tribunal which had ruled in favour of the assessee. The issue involved the taxability of business income under the Income Tax Act. The court analysed the statutory provisions and relevant case law. The court held that the terms of the contract had been breached by the respondent. The appeal filed by the revenue was allowed.
ARB/3449/2019,Madras High Court,Arbitration,2019-07-30,2027-04-17,2818,Justice Prathiba M. Singh,Ramesh Kumar,State of Rajasthan,Indian Penal Code (IPC),Remanded,69,"The petitioner challenged the arbitral award dated 16/06/2022 passed by the sole arbitrator under Section 34 of the Arbitration and Conciliation Act, 1996. The dispute related to non-payment of contract price. The court examined whether the award suffered from any patent illegality or was in conflict with public policy. The court found that the impugned order was passed without following due process. The petition was remanded."
CON/3493/2021,Allahabad High Court,Consumer,2021-12-11,2022-11-08,332,Justice Vibhu Bakhru,M/s Global Traders,EPFO,"Income Tax Act, 1961",Allowed,5,"The complainant alleged that the opposite party had sold a defective product and refused to replace or refund the amount. The District Consumer Forum had dismissed the complaint. In appeal, the State Commission examined the evidence and held that the respondent had not committed any illegality. The opposite party was directed to provide the promised service."
TAX/8708/2018,Delhi High Court,Tax,2018-07-06,2024-11-03,2312,Justice Amit Bansal,M/s Global Traders,EPFO,"Protection of Women from Domestic Violence Act, 2005",Partially Allowed,73,The revenue appealed against the order of the Income Tax Appellate Tribunal which had ruled in favour of the assessee. The issue involved the taxability of business income under the Income Tax Act. The court analysed the statutory provisions and relevant case law. The court held that the respondent had not committed any illegality. The appeal filed by the revenue was partially allowed.
CR/4282/2020,Delhi High Court,Criminal,2020-09-21,2022-04-04,560,Justice Vibhu Bakhru,Kavita Sharma,Municipal Corporation,"Companies Act, 2013",Case Withdrawn,6,The state preferred an appeal against the acquittal of the accused by the trial court. The High Court re-examined the evidence including the testimony of eyewitnesses and forensic reports. The court found that the evidence on record clearly established the petitioner's case and held that the statutory provisions had been complied with. The appeal was case withdrawn.
ARB/1082/2021,Karnataka High Court,Arbitration,2021-09-03,2023-05-20,624,Justice Surya Kant,Sunita Devi,Sita Devi,Code of Criminal Procedure (CrPC),Award Set Aside,10,"The respondent's application under Section 9 of the Arbitration and Conciliation Act, 1996 for interim measures was allowed by the trial court. The petitioner challenged this order. The High Court examined whether the balance of convenience lay in favour of granting interim relief. The court held that the petitioner was entitled to the relief prayed for. The appeal was award set aside."
CS/2346/2019,Madras High Court,Civil,2019-04-07,2023-05-11,1495,Justice Manmohan,Manoj Tiwari,M/s XYZ Enterprises,Indian Penal Code (IPC),Allowed,18,"The plaintiff instituted a suit for specific performance claiming damages of Rs. 3,900,000. The trial court had decreed the suit in favour of the plaintiff. On appeal, the High Court examined whether the lower court had correctly appreciated the evidence. The court, relying on the Supreme Court decision in 2021 SCC 456, held that the statutory provisions had been complied with. The appeal was accordingly allowed."
LAB/3254/2020,Hyderabad High Court,Labour,2020-09-01,2021-11-12,437,Justice Hima Kohli,Usha Rani,Employees State Insurance Corporation,"Environmental Protection Act, 1986",Reinstated,4,"The workman challenged the termination of his services by the management under the Industrial Disputes Act, 1947. The labour court had held in favour of the workman. The management challenged this award before the High Court. The court examined whether there was a valid cause of action. The court held that the terms of the contract had been breached by the respondent. The writ petition was reinstated."
CS/3256/2019,Madhya Pradesh High Court,Civil,2019-03-06,2022-12-10,1375,Justice Manmohan,Seema Agarwal,Reserve Bank of India,"Companies Act, 2013",Allowed,30,"The plaintiff instituted a suit for injunction claiming damages of Rs. 350,000. The trial court had decreed the suit in favour of the plaintiff. On appeal, the High Court examined whether the statutory conditions had been fulfilled. The court, relying on the Supreme Court decision in 2021 SCC 456, held that the terms of the contract had been breached by the respondent. The appeal was accordingly allowed."
CR/9799/2022,Madras High Court,Criminal,2022-05-25,2027-01-14,1695,Justice Navin Chawla,Parveen Kumar,RERA Authority,"GST Act, 2017",Acquitted,41,The state preferred an appeal against the acquittal of the accused by the trial court. The High Court re-examined the evidence including the testimony of eyewitnesses and forensic reports. The court found that the impugned order was passed without following due process and held that the terms of the contract had been breached by the respondent. The appeal was acquitted.
FAM/9455/2021,Madhya Pradesh High Court,Family,2021-03-17,2026-06-25,1926,Justice Pamidighantam Sri Narasimha,Seema Agarwal,M/s XYZ Enterprises,"Income Tax Act, 1961",Maintenance Awarded,41,"The respondent filed an application for maintenance under Section 459 of the Hindu Marriage Act. The applicant was not employed and was dependent on the respondent. The court assessed the income of the respondent and the needs of the applicant. The court held that the respondent had not committed any illegality. Maintenance of Rs. 4,900,000 per month was maintenance awarded."
CR/9677/2022,Supreme Court of India,Criminal,2022-02-20,2026-08-15,1637,Justice Yashwant Varma,Rajesh Singh,District Collector,"Income Tax Act, 1961",Case Withdrawn,18,The state preferred an appeal against the acquittal of the accused by the trial court. The High Court re-examined the evidence including the testimony of eyewitnesses and forensic reports. The court found that there was no merit in the contentions raised by the petitioner and held that the respondent had not committed any illegality. The appeal was case withdrawn.
CON/2331/2020,Punjab & Haryana High Court,Consumer,2020-09-26,2026-08-07,2141,Justice Rajesh Bindal,Kavita Sharma,Reserve Bank of India,"Hindu Marriage Act, 1955",Allowed,25,"The complainant approached the Consumer Forum alleging deficiency in service by the opposite party regarding insurance claim. The complainant had paid Rs. 1,600,000 for the service/product. The opposite party denied the allegations and contended that the impugned provision was arbitrary and unconstitutional. The Forum found that that the evidence on record clearly established the petitioner's case. The complaint was allowed and the opposite party was directed to pay compensation."
CR/5896/2023,Madhya Pradesh High Court,Criminal,2023-11-08,2026-12-06,1124,Justice Dhiraj Singh Thakur,Vijay Kumar,Reserve Bank of India,"Negotiable Instruments Act, 1881",Acquitted,18,The state preferred an appeal against the acquittal of the accused by the trial court. The High Court re-examined the evidence including the testimony of eyewitnesses and forensic reports. The court found that the evidence on record clearly established the petitioner's case and held that the respondent had not committed any illegality. The appeal was acquitted.
CON/9792/2019,Rajasthan High Court,Consumer,2019-05-19,2022-11-18,1279,Justice Amit Bansal,Parveen Kumar,State of Rajasthan,"Right to Information Act, 2005",Dismissed,18,"The complainant alleged that the opposite party had sold a defective product and refused to replace or refund the amount. The District Consumer Forum had dismissed the complaint. In appeal, the State Commission examined the evidence and held that the terms of the contract had been breached by the respondent. The opposite party was directed to provide the promised service."
CON/4332/2019,Calcutta High Court,Consumer,2019-05-10,2022-06-26,1143,Justice Vibhu Bakhru,Priya Mehta,SEBI,"POCSO Act, 2012",Settled,16,"The complainant alleged that the opposite party had sold a defective product and refused to replace or refund the amount. The District Consumer Forum had dismissed the complaint. In appeal, the State Commission examined the evidence and held that the respondent had not committed any illegality. The opposite party was directed to replace the defective product."
CS/6485/2020,Supreme Court of India,Civil,2020-03-10,2023-11-21,1351,Justice Sanjiv Khanna,M/s Global Traders,SEBI,"Motor Vehicles Act, 1988",Dismissed,20,"The petitioner filed a civil suit seeking declaration against the respondent. The court examined the evidence presented by both parties including documentary and oral testimony. After careful consideration of the legal arguments and precedents cited, the court found that the evidence on record clearly established the petitioner's case. The court held that the respondent had not committed any illegality. The petition was dismissed with costs."
CS/2340/2019,Punjab & Haryana High Court,Civil,2019-04-20,2026-07-16,2644,Justice B.R. Gavai,M/s Tech Solutions Pvt Ltd,State of Maharashtra,"Specific Relief Act, 1963",Dismissed,39,"The plaintiff instituted a suit for possession of property claiming damages of Rs. 1,350,000. The trial court had decreed the suit in favour of the plaintiff. On appeal, the High Court examined whether the statutory conditions had been fulfilled. The court, relying on the Supreme Court decision in (2022) 3 SCC 123, held that the respondent had not committed any illegality. The appeal was accordingly dismissed."
WP/7186/2023,Delhi High Court,Constitutional,2023-12-14,2030-06-24,2384,Justice S.C. Sharma,Manoj Tiwari,EPFO,"Transfer of Property Act, 1882",Stay Granted,29,"A writ petition was filed challenging the constitutional validity of Section 66A IT Act as being violative of Articles 14, 19 and 21 of the Constitution of India. The petitioner contended that the impugned provision was arbitrary and unconstitutional. The respondent argued that the provision was a reasonable restriction in public interest. The court examined the provision in light of the constitutional provisions and precedents. The court held that the respondent had not committed any illegality. The petition was stay granted."
CS/1462/2019,Hyderabad High Court,Civil,2019-03-31,2024-11-04,2045,Justice Sanjiv Khanna,Ramesh Kumar,Suresh Kumar,"Hindu Marriage Act, 1955",Settled,41,"The plaintiff instituted a suit for recovery of money claiming damages of Rs. 800,000. The trial court had decreed the suit in favour of the plaintiff. On appeal, the High Court examined whether there was a valid cause of action. The court, relying on the Supreme Court decision in AIR 2019 SC 1234, held that the statutory provisions had been complied with. The appeal was accordingly settled."
CR/8729/2021,Karnataka High Court,Criminal,2021-01-16,2023-05-18,852,Justice B.R. Gavai,Parveen Kumar,State of Maharashtra,"Industrial Disputes Act, 1947",Case Withdrawn,9,The state preferred an appeal against the acquittal of the accused by the trial court. The High Court re-examined the evidence including the testimony of eyewitnesses and forensic reports. The court found that the petitioner had established a prima facie case and held that the terms of the contract had been breached by the respondent. The appeal was case withdrawn.
CON/9083/2018,Karnataka High Court,Consumer,2018-07-18,2021-10-10,1180,Justice S.C. Sharma,M/s Sharma & Sons,Commissioner of Income Tax,"GST Act, 2017",Dismissed,14,"The complainant approached the Consumer Forum alleging deficiency in service by the opposite party regarding insurance claim. The complainant had paid Rs. 250,000 for the service/product. The opposite party denied the allegations and contended that the impugned provision was arbitrary and unconstitutional. The Forum found that that the impugned order was passed without following due process. The complaint was dismissed and the opposite party was directed to pay compensation."
ARB/4430/2023,Supreme Court of India,Arbitration,2023-09-29,2026-06-25,1000,Justice D.Y. Chandrachud,Anil Gupta,District Collector,"Arbitration and Conciliation Act, 1996",Award Upheld,14,"The petitioner challenged the arbitral award dated 20/09/2023 passed by the sole arbitrator under Section 34 of the Arbitration and Conciliation Act, 1996. The dispute related to non-payment of contract price. The court examined whether the award suffered from any patent illegality or was in conflict with public policy. The court found that the impugned order was passed without following due process. The petition was award upheld."
CR/1650/2018,Madhya Pradesh High Court,Criminal,2018-06-18,2023-08-21,1890,Justice S.C. Sharma,Rekha Devi,Labour Commissioner,Indian Penal Code (IPC),Case Withdrawn,34,The state preferred an appeal against the acquittal of the accused by the trial court. The High Court re-examined the evidence including the testimony of eyewitnesses and forensic reports. The court found that the petitioner had established a prima facie case and held that the petitioner was entitled to the relief prayed for. The appeal was case withdrawn.
CR/5683/2019,Andhra Pradesh High Court,Criminal,2019-06-11,2021-02-09,609,Justice Surya Kant,Ashok Verma,M/s XYZ Enterprises,"Protection of Women from Domestic Violence Act, 2005",Case Withdrawn,12,"The accused was charged under Section 195 of the Indian Penal Code for the alleged offence of assault. The prosecution examined 15 witnesses to establish its case. The court analysed the evidence on record and found that the respondent had failed to discharge its legal obligation. Having regard to the totality of evidence, the court held that the statutory provisions had been complied with. The accused was case withdrawn."
CR/4093/2022,Gujarat High Court,Criminal,2022-06-08,2029-09-10,2651,Justice J.B. Pardiwala,M/s Tech Solutions Pvt Ltd,State of Maharashtra,"Protection of Women from Domestic Violence Act, 2005",Case Withdrawn,50,"The accused was charged under Section 364 of the Indian Penal Code for the alleged offence of criminal breach of trust. The prosecution examined 10 witnesses to establish its case. The court analysed the evidence on record and found that there was no merit in the contentions raised by the petitioner. Having regard to the totality of evidence, the court held that the impugned order was liable to be set aside. The accused was case withdrawn."
WP/7404/2019,Madhya Pradesh High Court,Constitutional,2019-07-16,2024-04-01,1721,Justice J.B. Pardiwala,Kavita Sharma,Ramji Lal,"Companies Act, 2013",Stay Granted,33,A writ petition was filed challenging the constitutional validity of Section 124A IPC as being violative of Articles 21 and 22 of the Constitution of India. The petitioner contended that the impugned provision was arbitrary and unconstitutional. The respondent argued that the provision was a reasonable restriction in public interest. The court examined the provision in light of the constitutional provisions and precedents. The court held that the respondent had not committed any illegality. The petition was stay granted.
FAM/6321/2022,Madras High Court,Family,2022-09-03,2027-03-20,1659,Justice Vibhu Bakhru,Suresh Prasad,Reserve Bank of India,"Hindu Marriage Act, 1955",Dismissed,24,"The respondent filed an application for maintenance under Section 30 of the Hindu Marriage Act. The applicant was not employed and was dependent on the respondent. The court assessed the income of the respondent and the needs of the applicant. The court held that the statutory provisions had been complied with. Maintenance of Rs. 1,850,000 per month was dismissed."
WP/5301/2020,Karnataka High Court,Constitutional,2020-08-19,2028-10-21,2985,Justice S.C. Sharma,Anil Gupta,Suresh Kumar,Code of Criminal Procedure (CrPC),Stay Granted,72,"The petitioner sought mandamus directing the respondent authority to provide the promised service. The court found that that the impugned order was passed without following due process. In view of the settled legal position, the court directed the respondent to possession of property. The petition was disposed of with these directions."
TAX/9431/2018,Gujarat High Court,Tax,2018-10-28,2024-01-06,1896,Justice Rajesh Bindal,Lalita Bai,M/s XYZ Enterprises,Indian Penal Code (IPC),Partially Allowed,22,The revenue appealed against the order of the Income Tax Appellate Tribunal which had ruled in favour of the assessee. The issue involved the taxability of royalty under the Income Tax Act. The court analysed the statutory provisions and relevant case law. The court held that the respondent had not committed any illegality. The appeal filed by the revenue was partially allowed.
CON/9344/2018,Hyderabad High Court,Consumer,2018-03-29,2023-12-10,2082,Justice Suresh Kumar Kait,Lalita Bai,State of Rajasthan,Code of Civil Procedure (CPC),Settled,26,"The complainant alleged that the opposite party had sold a defective product and refused to replace or refund the amount. The District Consumer Forum had dismissed the complaint. In appeal, the State Commission examined the evidence and held that the statutory provisions had been complied with. The opposite party was directed to refund the amount with interest."
TAX/5047/2019,Madhya Pradesh High Court,Tax,2019-12-03,2022-02-14,804,Justice S.C. Sharma,Union of India,M/s XYZ Enterprises,"Protection of Women from Domestic Violence Act, 2005",Partially Allowed,25,The revenue appealed against the order of the Income Tax Appellate Tribunal which had ruled in favour of the assessee. The issue involved the taxability of interest income under the Income Tax Act. The court analysed the statutory provisions and relevant case law. The court held that the statutory provisions had been complied with. The appeal filed by the revenue was partially allowed.
FAM/3092/2018,Rajasthan High Court,Family,2018-07-14,2021-12-31,1266,Justice Surya Kant,State of Delhi,M/s XYZ Enterprises,"Motor Vehicles Act, 1988",Settled,17,"The petitioner filed a petition for recovery of money under Section 254 of the Hindu Marriage Act, 1955. The parties had been married for 17 years and had 2 children. The court examined the grounds alleged and found that the petitioner had established a prima facie case. After considering the welfare of the children and the circumstances of the parties, the court held that the statutory provisions had been complied with. The petition was settled."
ARB/9812/2018,Delhi High Court,Arbitration,2018-08-17,2021-09-18,1128,Justice Pamidighantam Sri Narasimha,Kavita Sharma,Ramji Lal,"Negotiable Instruments Act, 1881",Award Upheld,32,"The petitioner challenged the arbitral award dated 24/10/2021 passed by the sole arbitrator under Section 34 of the Arbitration and Conciliation Act, 1996. The dispute related to breach of supply agreement. The court examined whether the award suffered from any patent illegality or was in conflict with public policy. The court found that the petitioner had established a prima facie case. The petition was award upheld."
TAX/6444/2021,Allahabad High Court,Tax,2021-09-11,2028-09-06,2552,Justice Navin Chawla,Ramesh Kumar,Employees State Insurance Corporation,"Industrial Disputes Act, 1947",Partially Allowed,46,"The assessee challenged the assessment order passed by the Assessing Officer under Section 19 of the Income Tax Act, 1961 for the Assessment Year 2018-21. The dispute related to the disallowance of 1,200,000 as business expenditure. The court examined the nature of the expenditure and the applicable provisions. The court held that the terms of the contract had been breached by the respondent. The appeal was partially allowed."
ARB/1564/2020,Hyderabad High Court,Arbitration,2020-11-01,2020-12-21,50,Justice B.R. Gavai,M/s Global Traders,Ramji Lal,Indian Penal Code (IPC),Remanded,1,"The respondent's application under Section 9 of the Arbitration and Conciliation Act, 1996 for interim measures was allowed by the trial court. The petitioner challenged this order. The High Court examined whether the balance of convenience lay in favour of granting interim relief. The court held that the statutory provisions had been complied with. The appeal was remanded."
LAB/2835/2022,Calcutta High Court,Labour,2022-09-25,2025-09-28,1099,Justice Vibhu Bakhru,Vijay Kumar,Municipal Corporation,"Industrial Disputes Act, 1947",Settled,13,"The petitioner was a contractual employee who claimed regularization of services. The court examined the nature of work and the period of employment. Relying on the Supreme Court's guidelines in Umadevi's case, the court held that the petitioner was entitled to the relief prayed for. The petition was settled."
CON/5881/2019,Calcutta High Court,Consumer,2019-03-29,2023-08-12,1597,Justice Surya Kant,Parveen Kumar,State of Maharashtra,"Negotiable Instruments Act, 1881",Allowed,50,"The complainant approached the Consumer Forum alleging deficiency in service by the opposite party regarding real estate. The complainant had paid Rs. 1,350,000 for the service/product. The opposite party denied the allegations and contended that the impugned provision was arbitrary and unconstitutional. The Forum found that that the impugned order was passed without following due process. The complaint was allowed and the opposite party was directed to pay compensation."
ARB/3026/2021,Allahabad High Court,Arbitration,2021-08-20,2022-05-17,270,Justice A.S. Bopanna,Usha Rani,RERA Authority,"Companies Act, 2013",Award Upheld,4,"The petitioner challenged the arbitral award dated 10/08/2019 passed by the sole arbitrator under Section 34 of the Arbitration and Conciliation Act, 1996. The dispute related to breach of supply agreement. The court examined whether the award suffered from any patent illegality or was in conflict with public policy. The court found that the evidence on record clearly established the petitioner's case. The petition was award upheld."
CS/1875/2018,Madras High Court,Civil,2018-12-06,2019-08-31,268,Justice Prathiba M. Singh,Parveen Kumar,Life Insurance Corporation,"Protection of Women from Domestic Violence Act, 2005",Partially Allowed,3,"The plaintiff instituted a suit for recovery of money claiming damages of Rs. 3,500,000. The trial court had decreed the suit in favour of the plaintiff. On appeal, the High Court examined whether the statutory conditions had been fulfilled. The court, relying on the Supreme Court decision in (2022) 3 SCC 123, held that the respondent had not committed any illegality. The appeal was accordingly partially allowed."
ARB/9898/2021,Bombay High Court,Arbitration,2021-12-07,2028-01-10,2225,Justice J.B. Pardiwala,Union of India,Labour Commissioner,Code of Civil Procedure (CPC),Award Set Aside,63,"The petitioner challenged the arbitral award dated 17/12/2022 passed by the sole arbitrator under Section 34 of the Arbitration and Conciliation Act, 1996. The dispute related to breach of supply agreement. The court examined whether the award suffered from any patent illegality or was in conflict with public policy. The court found that there was no merit in the contentions raised by the petitioner. The petition was award set aside."
CON/8706/2020,Karnataka High Court,Consumer,2020-11-03,2028-08-19,2846,Justice A.S. Bopanna,Kavita Sharma,Life Insurance Corporation,"Motor Vehicles Act, 1988",Allowed,45,"The complainant approached the Consumer Forum alleging deficiency in service by the opposite party regarding insurance claim. The complainant had paid Rs. 4,050,000 for the service/product. The opposite party denied the allegations and contended that the impugned provision was arbitrary and unconstitutional. The Forum found that that the petitioner had established a prima facie case. The complaint was allowed and the opposite party was directed to pay compensation."
ARB/1676/2019,Orissa High Court,Arbitration,2019-08-19,2024-04-28,1714,Justice Dhiraj Singh Thakur,Manoj Tiwari,Life Insurance Corporation,"Hindu Marriage Act, 1955",Remanded,33,"The respondent's application under Section 9 of the Arbitration and Conciliation Act, 1996 for interim measures was allowed by the trial court. The petitioner challenged this order. The High Court examined whether the balance of convenience lay in favour of granting interim relief. The court held that the respondent had not committed any illegality. The appeal was remanded."
WP/5160/2020,Calcutta High Court,Constitutional,2020-06-27,2025-08-18,1878,Justice Manoj Misra,Priya Mehta,State of Maharashtra,"Transfer of Property Act, 1882",Dismissed,27,A writ petition was filed challenging the constitutional validity of Section 124A IPC as being violative of Articles 32 of the Constitution of India. The petitioner contended that the impugned provision was arbitrary and unconstitutional. The respondent argued that the provision was a reasonable restriction in public interest. The court examined the provision in light of the constitutional provisions and precedents. The court held that the petitioner was entitled to the relief prayed for. The petition was dismissed.
FAM/7862/2022,Madras High Court,Family,2022-11-06,2029-02-16,2294,Justice Pamidighantam Sri Narasimha,Priya Mehta,National Insurance Co.,"Industrial Disputes Act, 1947",Divorce Granted,66,"The petitioner filed a petition for recovery of money under Section 297 of the Hindu Marriage Act, 1955. The parties had been married for 3 years and had 0 children. The court examined the grounds alleged and found that the impugned order was passed without following due process. After considering the welfare of the children and the circumstances of the parties, the court held that the respondent had not committed any illegality. The petition was divorce granted."
TAX/2931/2019,Calcutta High Court,Tax,2019-08-24,2022-09-23,1126,Justice Sanjiv Khanna,Rajesh Singh,National Insurance Co.,"Industrial Disputes Act, 1947",Dismissed,28,"The assessee challenged the assessment order passed by the Assessing Officer under Section 418 of the Income Tax Act, 1961 for the Assessment Year 2020-22. The dispute related to the disallowance of 4,850,000 as business expenditure. The court examined the nature of the expenditure and the applicable provisions. The court held that the petitioner was entitled to the relief prayed for. The appeal was dismissed."
CS/9839/2022,Hyderabad High Court,Civil,2022-06-27,2029-07-13,2573,Justice Dhiraj Singh Thakur,Rekha Devi,Central Board of Direct Taxes,"Prevention of Corruption Act, 1988",Settled,77,"The petitioner filed a civil suit seeking specific performance against the respondent. The court examined the evidence presented by both parties including documentary and oral testimony. After careful consideration of the legal arguments and precedents cited, the court found that the petitioner had established a prima facie case. The court held that the respondent had not committed any illegality. The petition was settled with no order as to costs."
WP/4919/2023,Telangana High Court,Constitutional,2023-01-02,2023-05-03,121,Justice Surya Kant,Lalita Bai,RERA Authority,"Transfer of Property Act, 1882",Allowed,1,"A writ petition was filed challenging the constitutional validity of Section 377 IPC as being violative of Articles 14, 19 and 21 of the Constitution of India. The petitioner contended that the impugned provision was arbitrary and unconstitutional. The respondent argued that the provision was a reasonable restriction in public interest. The court examined the provision in light of the constitutional provisions and precedents. The court held that the petitioner was entitled to the relief prayed for. The petition was allowed."
CON/3949/2018,Calcutta High Court,Consumer,2018-04-07,2025-04-23,2573,Justice Manmohan,M/s Global Traders,Commissioner of Income Tax,"Specific Relief Act, 1963",Partially Allowed,29,"The complainant approached the Consumer Forum alleging deficiency in service by the opposite party regarding real estate. The complainant had paid Rs. 1,400,000 for the service/product. The opposite party denied the allegations and contended that the impugned provision was arbitrary and unconstitutional. The Forum found that that the respondent had failed to discharge its legal obligation. The complaint was partially allowed and the opposite party was directed to pay compensation."
CS/8924/2021,Andhra Pradesh High Court,Civil,2021-06-24,2023-02-21,607,Justice Manoj Misra,Vijay Kumar,M/s ABC Industries,Code of Civil Procedure (CPC),Dismissed,9,"The plaintiff instituted a suit for declaration claiming damages of Rs. 2,600,000. The trial court had decreed the suit in favour of the plaintiff. On appeal, the High Court examined whether there was a valid cause of action. The court, relying on the Supreme Court decision in AIR 2018 SC 567, held that the respondent had not committed any illegality. The appeal was accordingly dismissed."
CS/9140/2022,Supreme Court of India,Civil,2022-03-07,2029-01-06,2497,Justice J.B. Pardiwala,State of Delhi,District Collector,"Specific Relief Act, 1963",Dismissed,46,"The petitioner filed a civil suit seeking recovery of money against the respondent. The court examined the evidence presented by both parties including documentary and oral testimony. After careful consideration of the legal arguments and precedents cited, the court found that there was no merit in the contentions raised by the petitioner. The court held that the petitioner was entitled to the relief prayed for. The petition was dismissed with no order as to costs."
CON/9277/2019,Gujarat High Court,Consumer,2019-02-19,2019-03-29,38,Justice Anup Jairam Bhambhani,M/s Global Traders,State of Maharashtra,"Prevention of Corruption Act, 1988",Allowed,1,"The complainant approached the Consumer Forum alleging deficiency in service by the opposite party regarding real estate. The complainant had paid Rs. 1,500,000 for the service/product. The opposite party denied the allegations and contended that the impugned provision was arbitrary and unconstitutional. The Forum found that that the respondent had failed to discharge its legal obligation. The complaint was allowed and the opposite party was directed to pay compensation."
WP/8797/2018,Karnataka High Court,Constitutional,2018-06-28,2018-12-09,164,Justice S.C. Sharma,Nirmala Devi,State Bank of India,"Negotiable Instruments Act, 1881",Stay Granted,4,"The petitioner sought mandamus directing the respondent authority to provide the promised service. The court found that that there was no merit in the contentions raised by the petitioner. In view of the settled legal position, the court directed the respondent to recovery of money. The petition was disposed of with these directions."
CS/4086/2020,Andhra Pradesh High Court,Civil,2020-12-13,2022-12-23,740,Justice J.B. Pardiwala,State of Delhi,State of Rajasthan,"Motor Vehicles Act, 1988",Allowed,23,"The petitioner filed a civil suit seeking recovery of money against the respondent. The court examined the evidence presented by both parties including documentary and oral testimony. After careful consideration of the legal arguments and precedents cited, the court found that the impugned order was passed without following due process. The court held that the impugned order was liable to be set aside. The petition was allowed with no order as to costs."
LAB/3225/2018,Calcutta High Court,Labour,2018-12-13,2023-08-16,1707,Justice S.C. Sharma,Sanjay Mishra,Suresh Kumar,"Income Tax Act, 1961",Allowed,45,"The workman challenged the termination of his services by the management under the Industrial Disputes Act, 1947. The labour court had held in favour of the workman. The management challenged this award before the High Court. The court examined whether there was a valid cause of action. The court held that the terms of the contract had been breached by the respondent. The writ petition was allowed."
CON/9224/2022,Telangana High Court,Consumer,2022-03-01,2026-10-23,1697,Justice D.Y. Chandrachud,Rakesh Yadav,District Collector,"Specific Relief Act, 1963",Partially Allowed,36,"The complainant approached the Consumer Forum alleging deficiency in service by the opposite party regarding telecom service. The complainant had paid Rs. 500,000 for the service/product. The opposite party denied the allegations and contended that the impugned provision was arbitrary and unconstitutional. The Forum found that that the impugned order was passed without following due process. The complaint was partially allowed and the opposite party was directed to pay compensation."
TAX/2619/2020,Madhya Pradesh High Court,Tax,2020-10-26,2028-02-14,2667,Justice Dhiraj Singh Thakur,Ramesh Kumar,National Insurance Co.,"Hindu Marriage Act, 1955",Partially Allowed,39,The revenue appealed against the order of the Income Tax Appellate Tribunal which had ruled in favour of the assessee. The issue involved the taxability of interest income under the Income Tax Act. The court analysed the statutory provisions and relevant case law. The court held that the petitioner was entitled to the relief prayed for. The appeal filed by the revenue was partially allowed.
ARB/2082/2020,Allahabad High Court,Arbitration,2020-04-27,2026-07-19,2274,Justice Navin Chawla,Geeta Singh,Employees State Insurance Corporation,"Income Tax Act, 1961",Award Upheld,28,"The respondent's application under Section 9 of the Arbitration and Conciliation Act, 1996 for interim measures was allowed by the trial court. The petitioner challenged this order. The High Court examined whether the balance of convenience lay in favour of granting interim relief. The court held that the petitioner was entitled to the relief prayed for. The appeal was award upheld."
CS/8624/2023,Supreme Court of India,Civil,2023-11-20,2030-09-20,2496,Justice Pamidighantam Sri Narasimha,Bharat Lal,National Insurance Co.,Indian Penal Code (IPC),Partially Allowed,44,"The plaintiff instituted a suit for injunction claiming damages of Rs. 3,250,000. The trial court had decreed the suit in favour of the plaintiff. On appeal, the High Court examined whether the limitation period had expired. The court, relying on the Supreme Court decision in AIR 2019 SC 1234, held that the respondent had not committed any illegality. The appeal was accordingly partially allowed."
LAB/3029/2022,Delhi High Court,Labour,2022-10-28,2024-08-20,662,Justice J.B. Pardiwala,Vijay Kumar,M/s XYZ Enterprises,"Specific Relief Act, 1963",Dismissed,20,"The petitioner was a contractual employee who claimed regularization of services. The court examined the nature of work and the period of employment. Relying on the Supreme Court's guidelines in Umadevi's case, the court held that the statutory provisions had been complied with. The petition was dismissed."
FAM/7009/2021,Punjab & Haryana High Court,Family,2021-10-28,2022-09-17,324,Justice S.C. Sharma,Sanjay Mishra,Central Board of Direct Taxes,"Arbitration and Conciliation Act, 1996",Divorce Granted,6,"The petitioner filed a petition for possession of property under Section 451 of the Hindu Marriage Act, 1955. The parties had been married for 20 years and had 1 children. The court examined the grounds alleged and found that the petitioner had established a prima facie case. After considering the welfare of the children and the circumstances of the parties, the court held that the petitioner was entitled to the relief prayed for. The petition was divorce granted."
CON/2370/2023,Madras High Court,Consumer,2023-03-05,2026-01-04,1036,Justice Surya Kant,Priya Mehta,Labour Commissioner,"Specific Relief Act, 1963",Dismissed,14,"The complainant approached the Consumer Forum alleging deficiency in service by the opposite party regarding telecom service. The complainant had paid Rs. 2,250,000 for the service/product. The opposite party denied the allegations and contended that the impugned provision was arbitrary and unconstitutional. The Forum found that that the impugned order was passed without following due process. The complaint was dismissed and the opposite party was directed to pay compensation."
CR/9085/2022,Punjab & Haryana High Court,Criminal,2022-04-23,2024-06-19,788,Justice Surya Kant,M/s Global Traders,District Collector,"Prevention of Corruption Act, 1988",Bail Granted,15,"The accused was charged under Section 392 of the Indian Penal Code for the alleged offence of cheating. The prosecution examined 13 witnesses to establish its case. The court analysed the evidence on record and found that the petitioner had established a prima facie case. Having regard to the totality of evidence, the court held that the petitioner was entitled to the relief prayed for. The accused was bail granted."
WP/2287/2020,Punjab & Haryana High Court,Constitutional,2020-02-19,2021-12-13,663,Justice S.C. Sharma,Meena Kumari,Employees State Insurance Corporation,"Negotiable Instruments Act, 1881",Stay Granted,8,"The petitioner sought mandamus directing the respondent authority to refund the amount with interest. The court found that that there was no merit in the contentions raised by the petitioner. In view of the settled legal position, the court directed the respondent to specific performance. The petition was disposed of with these directions."
CS/3478/2018,Calcutta High Court,Civil,2018-11-21,2022-09-25,1404,Justice S.C. Sharma,Ashok Verma,Ramji Lal,"Consumer Protection Act, 2019",Partially Allowed,25,"The petitioner filed a civil suit seeking recovery of money against the respondent. The court examined the evidence presented by both parties including documentary and oral testimony. After careful consideration of the legal arguments and precedents cited, the court found that the impugned order was passed without following due process. The court held that the petitioner was entitled to the relief prayed for. The petition was partially allowed with no order as to costs."
ARB/9451/2019,Allahabad High Court,Arbitration,2019-05-24,2027-04-14,2882,Justice B.R. Gavai,Mohan Lal,M/s ABC Industries,"Hindu Marriage Act, 1955",Award Set Aside,81,"The petitioner challenged the arbitral award dated 08/03/2020 passed by the sole arbitrator under Section 34 of the Arbitration and Conciliation Act, 1996. The dispute related to defective construction work. The court examined whether the award suffered from any patent illegality or was in conflict with public policy. The court found that the impugned order was passed without following due process. The petition was award set aside."
ARB/6913/2022,Orissa High Court,Arbitration,2022-11-28,2025-07-29,974,Justice Pamidighantam Sri Narasimha,Usha Rani,Employees State Insurance Corporation,Code of Civil Procedure (CPC),Remanded,16,"The respondent's application under Section 9 of the Arbitration and Conciliation Act, 1996 for interim measures was allowed by the trial court. The petitioner challenged this order. The High Court examined whether the balance of convenience lay in favour of granting interim relief. The court held that the statutory provisions had been complied with. The appeal was remanded."
TAX/3037/2022,Gujarat High Court,Tax,2022-07-26,2029-05-26,2496,Justice Yashwant Varma,Manoj Tiwari,RERA Authority,Code of Criminal Procedure (CrPC),Remanded,78,The revenue appealed against the order of the Income Tax Appellate Tribunal which had ruled in favour of the assessee. The issue involved the taxability of capital gains under the Income Tax Act. The court analysed the statutory provisions and relevant case law. The court held that the petitioner was entitled to the relief prayed for. The appeal filed by the revenue was remanded.
WP/5009/2018,Gujarat High Court,Constitutional,2018-11-07,2022-12-10,1494,Justice Yashwant Varma,Mohan Lal,Ramji Lal,"Motor Vehicles Act, 1988",Allowed,17,"The petitioner sought mandamus directing the respondent authority to replace the defective product. The court found that that the impugned order was passed without following due process. In view of the settled legal position, the court directed the respondent to injunction. The petition was disposed of with these directions."
CON/9364/2020,Andhra Pradesh High Court,Consumer,2020-08-18,2026-11-15,2280,Justice B.R. Gavai,Suresh Prasad,Sita Devi,"Negotiable Instruments Act, 1881",Dismissed,28,"The complainant approached the Consumer Forum alleging deficiency in service by the opposite party regarding medical treatment. The complainant had paid Rs. 4,050,000 for the service/product. The opposite party denied the allegations and contended that the impugned provision was arbitrary and unconstitutional. The Forum found that that the petitioner had established a prima facie case. The complaint was dismissed and the opposite party was directed to pay compensation."
CON/5479/2022,Telangana High Court,Consumer,2022-02-22,2022-07-17,145,Justice Prathiba M. Singh,Seema Agarwal,Reserve Bank of India,"Income Tax Act, 1961",Settled,3,"The complainant approached the Consumer Forum alleging deficiency in service by the opposite party regarding real estate. The complainant had paid Rs. 500,000 for the service/product. The opposite party denied the allegations and contended that the impugned provision was arbitrary and unconstitutional. The Forum found that that the petitioner had established a prima facie case. The complaint was settled and the opposite party was directed to pay compensation."
CS/8023/2019,Andhra Pradesh High Court,Civil,2019-03-19,2019-08-21,155,Justice Dhiraj Singh Thakur,Ashok Verma,Employees State Insurance Corporation,"Hindu Marriage Act, 1955",Settled,2,"The plaintiff instituted a suit for specific performance claiming damages of Rs. 3,600,000. The trial court had decreed the suit in favour of the plaintiff. On appeal, the High Court examined whether the lower court had correctly appreciated the evidence. The court, relying on the Supreme Court decision in (2020) 5 SCC 789, held that the statutory provisions had been complied with. The appeal was accordingly settled."
WP/7377/2021,Delhi High Court,Constitutional,2021-01-15,2021-10-27,285,Justice Yashwant Varma,Geeta Singh,Consumer Forum,"Income Tax Act, 1961",Stay Granted,3,"The petitioner sought mandamus directing the respondent authority to provide the promised service. The court found that that the impugned order was passed without following due process. In view of the settled legal position, the court directed the respondent to specific performance. The petition was disposed of with these directions."
TAX/7747/2021,Allahabad High Court,Tax,2021-03-16,2022-12-24,648,Justice Surya Kant,Bharat Lal,SEBI,"Transfer of Property Act, 1882",Dismissed,11,The revenue appealed against the order of the Income Tax Appellate Tribunal which had ruled in favour of the assessee. The issue involved the taxability of business income under the Income Tax Act. The court analysed the statutory provisions and relevant case law. The court held that the respondent had not committed any illegality. The appeal filed by the revenue was dismissed.
CR/4555/2020,Punjab & Haryana High Court,Criminal,2020-12-14,2023-01-15,762,Justice D.Y. Chandrachud,Usha Rani,Central Board of Direct Taxes,"Income Tax Act, 1961",Bail Rejected,18,The state preferred an appeal against the acquittal of the accused by the trial court. The High Court re-examined the evidence including the testimony of eyewitnesses and forensic reports. The court found that the respondent had failed to discharge its legal obligation and held that the respondent had not committed any illegality. The appeal was bail rejected.
CON/5716/2022,Supreme Court of India,Consumer,2022-11-09,2028-06-09,2039,Justice Rajesh Bindal,Kavita Sharma,National Insurance Co.,"Industrial Disputes Act, 1947",Allowed,23,"The complainant approached the Consumer Forum alleging deficiency in service by the opposite party regarding medical treatment. The complainant had paid Rs. 550,000 for the service/product. The opposite party denied the allegations and contended that the impugned provision was arbitrary and unconstitutional. The Forum found that that the impugned order was passed without following due process. The complaint was allowed and the opposite party was directed to pay compensation."
TAX/2837/2020,Gujarat High Court,Tax,2020-07-08,2028-09-22,2998,Justice Pamidighantam Sri Narasimha,Deepak Nair,EPFO,"POCSO Act, 2012",Allowed,77,"The assessee challenged the assessment order passed by the Assessing Officer under Section 400 of the Income Tax Act, 1961 for the Assessment Year 2022-16. The dispute related to the disallowance of 3,600,000 as business expenditure. The court examined the nature of the expenditure and the applicable provisions. The court held that the petitioner was entitled to the relief prayed for. The appeal was allowed."
WP/1619/2019,Allahabad High Court,Constitutional,2019-04-25,2022-04-05,1076,Justice D.Y. Chandrachud,Priya Mehta,Ramji Lal,"Prevention of Corruption Act, 1988",Allowed,19,"The petitioner sought mandamus directing the respondent authority to provide the promised service. The court found that that there was no merit in the contentions raised by the petitioner. In view of the settled legal position, the court directed the respondent to declaration. The petition was disposed of with these directions."
WP/6323/2018,Delhi High Court,Constitutional,2018-03-27,2021-08-10,1232,Justice Rajesh Bindal,Vijay Kumar,Sita Devi,"Arbitration and Conciliation Act, 1996",Stay Granted,15,"The petitioner sought mandamus directing the respondent authority to provide the promised service. The court found that that the petitioner had established a prima facie case. In view of the settled legal position, the court directed the respondent to possession of property. The petition was disposed of with these directions."
TAX/2607/2019,Allahabad High Court,Tax,2019-10-14,2023-08-09,1395,Justice S.C. Sharma,State of Delhi,EPFO,"Transfer of Property Act, 1882",Partially Allowed,33,"The assessee challenged the assessment order passed by the Assessing Officer under Section 210 of the Income Tax Act, 1961 for the Assessment Year 2017-18. The dispute related to the disallowance of 2,100,000 as business expenditure. The court examined the nature of the expenditure and the applicable provisions. The court held that the terms of the contract had been breached by the respondent. The appeal was partially allowed."
WP/6935/2018,Delhi High Court,Constitutional,2018-09-17,2026-05-07,2789,Justice Suresh Kumar Kait,Union of India,Commissioner of Income Tax,"Insolvency and Bankruptcy Code, 2016",Allowed,38,"The petitioner sought mandamus directing the respondent authority to provide the promised service. The court found that that there was no merit in the contentions raised by the petitioner. In view of the settled legal position, the court directed the respondent to declaration. The petition was disposed of with these directions."
FAM/7516/2020,Punjab & Haryana High Court,Family,2020-02-10,2026-11-12,2467,Justice A.S. Bopanna,Meena Kumari,Suresh Kumar,"Companies Act, 2013",Divorce Granted,34,"The petitioner filed a petition for declaration under Section 420 of the Hindu Marriage Act, 1955. The parties had been married for 23 years and had 2 children. The court examined the grounds alleged and found that the impugned order was passed without following due process. After considering the welfare of the children and the circumstances of the parties, the court held that the respondent had not committed any illegality. The petition was divorce granted."
TAX/1669/2021,Gujarat High Court,Tax,2021-02-05,2028-02-26,2577,Justice B.R. Gavai,Suresh Prasad,Labour Commissioner,Indian Penal Code (IPC),Remanded,55,The revenue appealed against the order of the Income Tax Appellate Tribunal which had ruled in favour of the assessee. The issue involved the taxability of capital gains under the Income Tax Act. The court analysed the statutory provisions and relevant case law. The court held that the respondent had not committed any illegality. The appeal filed by the revenue was remanded.
WP/4235/2018,Orissa High Court,Constitutional,2018-02-17,2018-05-18,90,Justice Vibhu Bakhru,Seema Agarwal,Sita Devi,"Consumer Protection Act, 2019",Stay Granted,1,A writ petition was filed challenging the constitutional validity of Section 124A IPC as being violative of Articles 32 of the Constitution of India. The petitioner contended that the impugned provision was arbitrary and unconstitutional. The respondent argued that the provision was a reasonable restriction in public interest. The court examined the provision in light of the constitutional provisions and precedents. The court held that the respondent had not committed any illegality. The petition was stay granted.
WP/4289/2019,Madras High Court,Constitutional,2019-01-19,2023-11-29,1775,Justice Manoj Misra,M/s Global Traders,SEBI,"POCSO Act, 2012",Stay Granted,20,A writ petition was filed challenging the constitutional validity of Section 377 IPC as being violative of Articles 14 and 19 of the Constitution of India. The petitioner contended that the impugned provision was arbitrary and unconstitutional. The respondent argued that the provision was a reasonable restriction in public interest. The court examined the provision in light of the constitutional provisions and precedents. The court held that the impugned order was liable to be set aside. The petition was stay granted.
CS/6987/2021,Allahabad High Court,Civil,2021-06-26,2026-07-08,1838,Justice Navin Chawla,Bharat Lal,M/s XYZ Enterprises,Code of Criminal Procedure (CrPC),Settled,33,"The plaintiff instituted a suit for specific performance claiming damages of Rs. 2,700,000. The trial court had decreed the suit in favour of the plaintiff. On appeal, the High Court examined whether the lower court had correctly appreciated the evidence. The court, relying on the Supreme Court decision in AIR 2018 SC 567, held that the statutory provisions had been complied with. The appeal was accordingly settled."
CON/5422/2022,Delhi High Court,Consumer,2022-09-15,2023-11-18,429,Justice Suresh Kumar Kait,Rajesh Singh,State of Rajasthan,"Specific Relief Act, 1963",Partially Allowed,4,"The complainant alleged that the opposite party had sold a defective product and refused to replace or refund the amount. The District Consumer Forum had dismissed the complaint. In appeal, the State Commission examined the evidence and held that the respondent had not committed any illegality. The opposite party was directed to replace the defective product."
CS/2397/2019,Karnataka High Court,Civil,2019-09-26,2024-04-21,1669,Justice Vibhu Bakhru,Anil Gupta,Suresh Kumar,"Hindu Marriage Act, 1955",Partially Allowed,21,"The petitioner filed a civil suit seeking recovery of money against the respondent. The court examined the evidence presented by both parties including documentary and oral testimony. After careful consideration of the legal arguments and precedents cited, the court found that the impugned order was passed without following due process. The court held that the respondent had not committed any illegality. The petition was partially allowed with no order as to costs."
LAB/6345/2019,Gujarat High Court,Labour,2019-04-20,2022-09-14,1243,Justice Amit Bansal,Rajesh Singh,EPFO,"Income Tax Act, 1961",Dismissed,15,"The petitioner was a contractual employee who claimed regularization of services. The court examined the nature of work and the period of employment. Relying on the Supreme Court's guidelines in Umadevi's case, the court held that the terms of the contract had been breached by the respondent. The petition was dismissed."
WP/9406/2021,Punjab & Haryana High Court,Constitutional,2021-07-30,2024-02-26,941,Justice Dhiraj Singh Thakur,M/s Global Traders,Employees State Insurance Corporation,"Protection of Women from Domestic Violence Act, 2005",Allowed,14,"The petitioner sought mandamus directing the respondent authority to replace the defective product. The court found that that the impugned order was passed without following due process. In view of the settled legal position, the court directed the respondent to possession of property. The petition was disposed of with these directions."
WP/6663/2021,Telangana High Court,Constitutional,2021-12-15,2028-05-03,2331,Justice S.C. Sharma,Lalita Bai,M/s XYZ Enterprises,"Right to Information Act, 2005",Dismissed,50,A writ petition was filed challenging the constitutional validity of Section 377 IPC as being violative of Articles 21 and 22 of the Constitution of India. The petitioner contended that the impugned provision was arbitrary and unconstitutional. The respondent argued that the provision was a reasonable restriction in public interest. The court examined the provision in light of the constitutional provisions and precedents. The court held that the statutory provisions had been complied with. The petition was dismissed.
FAM/3184/2019,Hyderabad High Court,Family,2019-04-17,2025-09-16,2344,Justice Prathiba M. Singh,Manoj Tiwari,Suresh Kumar,"Protection of Women from Domestic Violence Act, 2005",Divorce Granted,54,"The petitioner filed a petition for injunction under Section 449 of the Hindu Marriage Act, 1955. The parties had been married for 22 years and had 2 children. The court examined the grounds alleged and found that there was no merit in the contentions raised by the petitioner. After considering the welfare of the children and the circumstances of the parties, the court held that the impugned order was liable to be set aside. The petition was divorce granted."
CR/7484/2020,Gujarat High Court,Criminal,2020-04-16,2027-09-02,2695,Justice Anup Jairam Bhambhani,Sanjay Mishra,Commissioner of Income Tax,"Prevention of Corruption Act, 1988",Convicted,41,The state preferred an appeal against the acquittal of the accused by the trial court. The High Court re-examined the evidence including the testimony of eyewitnesses and forensic reports. The court found that the evidence on record clearly established the petitioner's case and held that the statutory provisions had been complied with. The appeal was convicted.
CON/9917/2022,Allahabad High Court,Consumer,2022-07-02,2023-07-19,382,Justice Sanjiv Khanna,State of Delhi,State Bank of India,Code of Civil Procedure (CPC),Dismissed,4,"The complainant approached the Consumer Forum alleging deficiency in service by the opposite party regarding medical treatment. The complainant had paid Rs. 750,000 for the service/product. The opposite party denied the allegations and contended that the impugned provision was arbitrary and unconstitutional. The Forum found that that the respondent had failed to discharge its legal obligation. The complaint was dismissed and the opposite party was directed to pay compensation."
LAB/1373/2022,Punjab & Haryana High Court,Labour,2022-06-06,2028-07-28,2244,Justice Yashwant Varma,Sunita Devi,M/s XYZ Enterprises,"POCSO Act, 2012",Reinstated,43,"The petitioner was a contractual employee who claimed regularization of services. The court examined the nature of work and the period of employment. Relying on the Supreme Court's guidelines in Umadevi's case, the court held that the respondent had not committed any illegality. The petition was reinstated."
CS/8934/2019,Telangana High Court,Civil,2019-03-24,2021-11-13,965,Justice Surya Kant,M/s Tech Solutions Pvt Ltd,State of Maharashtra,"Specific Relief Act, 1963",Partially Allowed,10,"The plaintiff instituted a suit for possession of property claiming damages of Rs. 350,000. The trial court had decreed the suit in favour of the plaintiff. On appeal, the High Court examined whether there was a valid cause of action. The court, relying on the Supreme Court decision in (2020) 5 SCC 789, held that the statutory provisions had been complied with. The appeal was accordingly partially allowed."
ARB/8298/2018,Punjab & Haryana High Court,Arbitration,2018-08-27,2021-12-28,1219,Justice Navin Chawla,M/s Tech Solutions Pvt Ltd,SEBI,Code of Civil Procedure (CPC),Remanded,23,"The petitioner challenged the arbitral award dated 02/01/2022 passed by the sole arbitrator under Section 34 of the Arbitration and Conciliation Act, 1996. The dispute related to non-payment of contract price. The court examined whether the award suffered from any patent illegality or was in conflict with public policy. The court found that the respondent had failed to discharge its legal obligation. The petition was remanded."
WP/2621/2020,Supreme Court of India,Constitutional,2020-04-20,2024-03-14,1424,Justice Yashwant Varma,Sunita Devi,National Insurance Co.,"Income Tax Act, 1961",Dismissed,17,A writ petition was filed challenging the constitutional validity of Section 377 IPC as being violative of Articles 14 and 19 of the Constitution of India. The petitioner contended that the impugned provision was arbitrary and unconstitutional. The respondent argued that the provision was a reasonable restriction in public interest. The court examined the provision in light of the constitutional provisions and precedents. The court held that the petitioner was entitled to the relief prayed for. The petition was dismissed.
ARB/4333/2020,Punjab & Haryana High Court,Arbitration,2020-07-11,2026-08-30,2241,Justice Manmohan,Mohan Lal,Central Board of Direct Taxes,"Industrial Disputes Act, 1947",Award Set Aside,29,"The petitioner challenged the arbitral award dated 22/12/2023 passed by the sole arbitrator under Section 34 of the Arbitration and Conciliation Act, 1996. The dispute related to defective construction work. The court examined whether the award suffered from any patent illegality or was in conflict with public policy. The court found that the petitioner had established a prima facie case. The petition was award set aside."
WP/2575/2020,Allahabad High Court,Constitutional,2020-06-24,2021-12-27,551,Justice Surya Kant,Manoj Tiwari,State of Rajasthan,"Specific Relief Act, 1963",Allowed,9,"The petitioner sought mandamus directing the respondent authority to replace the defective product. The court found that that the impugned order was passed without following due process. In view of the settled legal position, the court directed the respondent to declaration. The petition was disposed of with these directions."
WP/3382/2021,Orissa High Court,Constitutional,2021-07-21,2028-04-10,2455,Justice Sanjiv Khanna,Geeta Singh,Life Insurance Corporation,"Income Tax Act, 1961",Allowed,72,A writ petition was filed challenging the constitutional validity of Section 124A IPC as being violative of Articles 14 and 19 of the Constitution of India. The petitioner contended that the impugned provision was arbitrary and unconstitutional. The respondent argued that the provision was a reasonable restriction in public interest. The court examined the provision in light of the constitutional provisions and precedents. The court held that the terms of the contract had been breached by the respondent. The petition was allowed.
CR/3583/2018,Allahabad High Court,Criminal,2018-09-13,2024-12-27,2297,Justice D.Y. Chandrachud,Sanjay Mishra,Suresh Kumar,"Industrial Disputes Act, 1947",Convicted,46,"The accused was charged under Section 479 of the Indian Penal Code for the alleged offence of assault. The prosecution examined 9 witnesses to establish its case. The court analysed the evidence on record and found that the impugned order was passed without following due process. Having regard to the totality of evidence, the court held that the petitioner was entitled to the relief prayed for. The accused was convicted."
TAX/7844/2019,Punjab & Haryana High Court,Tax,2019-03-15,2023-08-09,1608,Justice Suresh Kumar Kait,Anil Gupta,SEBI,"Insolvency and Bankruptcy Code, 2016",Partially Allowed,48,The revenue appealed against the order of the Income Tax Appellate Tribunal which had ruled in favour of the assessee. The issue involved the taxability of interest income under the Income Tax Act. The court analysed the statutory provisions and relevant case law. The court held that the statutory provisions had been complied with. The appeal filed by the revenue was partially allowed.
CON/6527/2022,Orissa High Court,Consumer,2022-12-07,2023-05-10,154,Justice D.Y. Chandrachud,Nirmala Devi,Labour Commissioner,"Protection of Women from Domestic Violence Act, 2005",Allowed,1,"The complainant alleged that the opposite party had sold a defective product and refused to replace or refund the amount. The District Consumer Forum had dismissed the complaint. In appeal, the State Commission examined the evidence and held that the petitioner was entitled to the relief prayed for. The opposite party was directed to provide the promised service."
FAM/1894/2021,Hyderabad High Court,Family,2021-08-04,2027-08-12,2199,Justice Rajesh Bindal,Ramesh Kumar,Commissioner of Income Tax,"Companies Act, 2013",Dismissed,33,"The petitioner filed a petition for recovery of money under Section 77 of the Hindu Marriage Act, 1955. The parties had been married for 14 years and had 4 children. The court examined the grounds alleged and found that there was no merit in the contentions raised by the petitioner. After considering the welfare of the children and the circumstances of the parties, the court held that the impugned order was liable to be set aside. The petition was dismissed."
ARB/3573/2021,Andhra Pradesh High Court,Arbitration,2021-02-14,2027-08-31,2389,Justice Hima Kohli,Sunita Devi,Reserve Bank of India,"Consumer Protection Act, 2019",Award Upheld,65,"The respondent's application under Section 9 of the Arbitration and Conciliation Act, 1996 for interim measures was allowed by the trial court. The petitioner challenged this order. The High Court examined whether the balance of convenience lay in favour of granting interim relief. The court held that the petitioner was entitled to the relief prayed for. The appeal was award upheld."
FAM/7254/2020,Supreme Court of India,Family,2020-03-29,2028-05-18,2972,Justice Amit Bansal,Meena Kumari,Suresh Kumar,"Companies Act, 2013",Divorce Granted,34,"The petitioner filed a petition for possession of property under Section 132 of the Hindu Marriage Act, 1955. The parties had been married for 13 years and had 1 children. The court examined the grounds alleged and found that the petitioner had established a prima facie case. After considering the welfare of the children and the circumstances of the parties, the court held that the petitioner was entitled to the relief prayed for. The petition was divorce granted."
CON/8270/2022,Telangana High Court,Consumer,2022-08-06,2027-11-15,1927,Justice Anup Jairam Bhambhani,M/s Sharma & Sons,Consumer Forum,"Motor Vehicles Act, 1988",Dismissed,45,"The complainant alleged that the opposite party had sold a defective product and refused to replace or refund the amount. The District Consumer Forum had dismissed the complaint. In appeal, the State Commission examined the evidence and held that the terms of the contract had been breached by the respondent. The opposite party was directed to provide the promised service."
ARB/4026/2023,Hyderabad High Court,Arbitration,2023-05-19,2026-02-28,1016,Justice Vibhu Bakhru,Priya Mehta,Ramji Lal,"POCSO Act, 2012",Award Set Aside,22,"The respondent's application under Section 9 of the Arbitration and Conciliation Act, 1996 for interim measures was allowed by the trial court. The petitioner challenged this order. The High Court examined whether the balance of convenience lay in favour of granting interim relief. The court held that the petitioner was entitled to the relief prayed for. The appeal was award set aside."
ARB/5775/2023,Telangana High Court,Arbitration,2023-02-01,2026-05-21,1205,Justice A.S. Bopanna,Sunita Devi,Commissioner of Income Tax,Code of Criminal Procedure (CrPC),Award Set Aside,20,"The petitioner challenged the arbitral award dated 17/02/2020 passed by the sole arbitrator under Section 34 of the Arbitration and Conciliation Act, 1996. The dispute related to breach of supply agreement. The court examined whether the award suffered from any patent illegality or was in conflict with public policy. The court found that there was no merit in the contentions raised by the petitioner. The petition was award set aside."
WP/9651/2020,Bombay High Court,Constitutional,2020-11-26,2023-08-29,1006,Justice Yashwant Varma,Suresh Prasad,M/s XYZ Enterprises,"Companies Act, 2013",Stay Granted,12,A writ petition was filed challenging the constitutional validity of Section 377 IPC as being violative of Articles 21 and 22 of the Constitution of India. The petitioner contended that the impugned provision was arbitrary and unconstitutional. The respondent argued that the provision was a reasonable restriction in public interest. The court examined the provision in light of the constitutional provisions and precedents. The court held that the statutory provisions had been complied with. The petition was stay granted.
CON/7738/2020,Calcutta High Court,Consumer,2020-12-19,2021-04-29,131,Justice D.Y. Chandrachud,Mohan Lal,Municipal Corporation,Code of Civil Procedure (CPC),Allowed,3,"The complainant approached the Consumer Forum alleging deficiency in service by the opposite party regarding medical treatment. The complainant had paid Rs. 4,550,000 for the service/product. The opposite party denied the allegations and contended that the impugned provision was arbitrary and unconstitutional. The Forum found that that there was no merit in the contentions raised by the petitioner. The complaint was allowed and the opposite party was directed to pay compensation."
LAB/4345/2023,Karnataka High Court,Labour,2023-06-02,2027-06-12,1471,Justice A.S. Bopanna,Union of India,Life Insurance Corporation,"Arbitration and Conciliation Act, 1996",Settled,16,"The workman challenged the termination of his services by the management under the Industrial Disputes Act, 1947. The labour court had held in favour of the workman. The management challenged this award before the High Court. The court examined whether the limitation period had expired. The court held that the terms of the contract had been breached by the respondent. The writ petition was settled."
ARB/7480/2019,Supreme Court of India,Arbitration,2019-11-06,2027-12-20,2966,Justice Manmohan,Ashok Verma,Municipal Corporation,"Motor Vehicles Act, 1988",Remanded,35,"The petitioner challenged the arbitral award dated 01/10/2021 passed by the sole arbitrator under Section 34 of the Arbitration and Conciliation Act, 1996. The dispute related to non-payment of contract price. The court examined whether the award suffered from any patent illegality or was in conflict with public policy. The court found that the evidence on record clearly established the petitioner's case. The petition was remanded."
LAB/2032/2020,Telangana High Court,Labour,2020-10-13,2023-01-21,830,Justice Yashwant Varma,Mohan Lal,SEBI,"Negotiable Instruments Act, 1881",Reinstated,10,"The workman challenged the termination of his services by the management under the Industrial Disputes Act, 1947. The labour court had held in favour of the workman. The management challenged this award before the High Court. The court examined whether the lower court had correctly appreciated the evidence. The court held that the respondent had not committed any illegality. The writ petition was reinstated."
WP/4323/2018,Orissa High Court,Constitutional,2018-09-21,2022-01-31,1228,Justice S.C. Sharma,Sunita Devi,Consumer Forum,"Negotiable Instruments Act, 1881",Allowed,17,"The petitioner sought mandamus directing the respondent authority to replace the defective product. The court found that that the evidence on record clearly established the petitioner's case. In view of the settled legal position, the court directed the respondent to declaration. The petition was disposed of with these directions."
CS/2977/2022,Allahabad High Court,Civil,2022-11-30,2030-06-30,2769,Justice Navin Chawla,Meena Kumari,District Collector,"Insolvency and Bankruptcy Code, 2016",Partially Allowed,34,"The petitioner filed a civil suit seeking specific performance against the respondent. The court examined the evidence presented by both parties including documentary and oral testimony. After careful consideration of the legal arguments and precedents cited, the court found that the evidence on record clearly established the petitioner's case. The court held that the impugned order was liable to be set aside. The petition was partially allowed with costs."
ARB/8075/2018,Delhi High Court,Arbitration,2018-06-17,2018-11-13,149,Justice J.B. Pardiwala,Pooja Joshi,Suresh Kumar,"Prevention of Corruption Act, 1988",Remanded,4,"The respondent's application under Section 9 of the Arbitration and Conciliation Act, 1996 for interim measures was allowed by the trial court. The petitioner challenged this order. The High Court examined whether the balance of convenience lay in favour of granting interim relief. The court held that the impugned order was liable to be set aside. The appeal was remanded."
CR/7600/2023,Bombay High Court,Criminal,2023-03-20,2029-07-11,2305,Justice Anup Jairam Bhambhani,Rajesh Singh,Commissioner of Income Tax,"Industrial Disputes Act, 1947",Case Withdrawn,29,The state preferred an appeal against the acquittal of the accused by the trial court. The High Court re-examined the evidence including the testimony of eyewitnesses and forensic reports. The court found that there was no merit in the contentions raised by the petitioner and held that the statutory provisions had been complied with. The appeal was case withdrawn.
ARB/8667/2023,Andhra Pradesh High Court,Arbitration,2023-07-31,2027-09-02,1494,Justice Prathiba M. Singh,Anil Gupta,M/s ABC Industries,Code of Criminal Procedure (CrPC),Award Set Aside,18,"The petitioner challenged the arbitral award dated 02/10/2022 passed by the sole arbitrator under Section 34 of the Arbitration and Conciliation Act, 1996. The dispute related to breach of supply agreement. The court examined whether the award suffered from any patent illegality or was in conflict with public policy. The court found that the impugned order was passed without following due process. The petition was award set aside."
CS/9651/2023,Rajasthan High Court,Civil,2023-10-22,2024-06-11,233,Justice Suresh Kumar Kait,Ramesh Kumar,Life Insurance Corporation,Indian Penal Code (IPC),Allowed,3,"The petitioner filed a civil suit seeking specific performance against the respondent. The court examined the evidence presented by both parties including documentary and oral testimony. After careful consideration of the legal arguments and precedents cited, the court found that the evidence on record clearly established the petitioner's case. The court held that the terms of the contract had been breached by the respondent. The petition was allowed with costs."
CR/7495/2023,Rajasthan High Court,Criminal,2023-01-12,2024-08-11,577,Justice Manoj Misra,Nirmala Devi,Employees State Insurance Corporation,"Income Tax Act, 1961",Case Withdrawn,6,The state preferred an appeal against the acquittal of the accused by the trial court. The High Court re-examined the evidence including the testimony of eyewitnesses and forensic reports. The court found that the evidence on record clearly established the petitioner's case and held that the impugned order was liable to be set aside. The appeal was case withdrawn.
LAB/5100/2021,Telangana High Court,Labour,2021-11-17,2022-11-08,356,Justice Manmohan,Sanjay Mishra,Employees State Insurance Corporation,Indian Penal Code (IPC),Allowed,9,"The petitioner was a contractual employee who claimed regularization of services. The court examined the nature of work and the period of employment. Relying on the Supreme Court's guidelines in Umadevi's case, the court held that the petitioner was entitled to the relief prayed for. The petition was allowed."
FAM/8040/2021,Madhya Pradesh High Court,Family,2021-11-10,2026-05-26,1658,Justice Pamidighantam Sri Narasimha,State of Delhi,Reserve Bank of India,"Right to Information Act, 2005",Dismissed,25,"The petitioner filed a petition for possession of property under Section 78 of the Hindu Marriage Act, 1955. The parties had been married for 2 years and had 0 children. The court examined the grounds alleged and found that the petitioner had established a prima facie case. After considering the welfare of the children and the circumstances of the parties, the court held that the statutory provisions had been complied with. The petition was dismissed."
ARB/2846/2020,Supreme Court of India,Arbitration,2020-01-27,2024-09-20,1698,Justice Surya Kant,Rajesh Singh,State Bank of India,"Insolvency and Bankruptcy Code, 2016",Award Upheld,38,"The respondent's application under Section 9 of the Arbitration and Conciliation Act, 1996 for interim measures was allowed by the trial court. The petitioner challenged this order. The High Court examined whether the balance of convenience lay in favour of granting interim relief. The court held that the statutory provisions had been complied with. The appeal was award upheld."
WP/4551/2020,Hyderabad High Court,Constitutional,2020-12-09,2024-10-09,1400,Justice Vibhu Bakhru,Nirmala Devi,SEBI,Code of Criminal Procedure (CrPC),Allowed,18,"The petitioner sought mandamus directing the respondent authority to replace the defective product. The court found that that the respondent had failed to discharge its legal obligation. In view of the settled legal position, the court directed the respondent to possession of property. The petition was disposed of with these directions."
TAX/6650/2022,Telangana High Court,Tax,2022-12-30,2029-06-04,2348,Justice Sanjiv Khanna,Parveen Kumar,District Collector,"Consumer Protection Act, 2019",Dismissed,37,"The assessee challenged the assessment order passed by the Assessing Officer under Section 313 of the Income Tax Act, 1961 for the Assessment Year 2017-20. The dispute related to the disallowance of 1,000,000 as business expenditure. The court examined the nature of the expenditure and the applicable provisions. The court held that the petitioner was entitled to the relief prayed for. The appeal was dismissed."
WP/3440/2018,Gujarat High Court,Constitutional,2018-02-06,2019-02-09,368,Justice Prathiba M. Singh,Parveen Kumar,State of Maharashtra,"Prevention of Corruption Act, 1988",Allowed,7,A writ petition was filed challenging the constitutional validity of Section 66A IT Act as being violative of Articles 32 of the Constitution of India. The petitioner contended that the impugned provision was arbitrary and unconstitutional. The respondent argued that the provision was a reasonable restriction in public interest. The court examined the provision in light of the constitutional provisions and precedents. The court held that the petitioner was entitled to the relief prayed for. The petition was allowed.
CR/9585/2022,Punjab & Haryana High Court,Criminal,2022-05-07,2030-06-24,2970,Justice Pamidighantam Sri Narasimha,Meena Kumari,Consumer Forum,"Hindu Marriage Act, 1955",Case Withdrawn,33,The state preferred an appeal against the acquittal of the accused by the trial court. The High Court re-examined the evidence including the testimony of eyewitnesses and forensic reports. The court found that the impugned order was passed without following due process and held that the impugned order was liable to be set aside. The appeal was case withdrawn.
CS/7941/2020,Hyderabad High Court,Civil,2020-10-03,2027-03-08,2347,Justice D.Y. Chandrachud,Usha Rani,Employees State Insurance Corporation,"Negotiable Instruments Act, 1881",Partially Allowed,27,"The petitioner filed a civil suit seeking specific performance against the respondent. The court examined the evidence presented by both parties including documentary and oral testimony. After careful consideration of the legal arguments and precedents cited, the court found that the respondent had failed to discharge its legal obligation. The court held that the impugned order was liable to be set aside. The petition was partially allowed with no order as to costs."
CR/4273/2021,Calcutta High Court,Criminal,2021-06-18,2027-01-08,2030,Justice Vibhu Bakhru,Union of India,Sita Devi,Code of Civil Procedure (CPC),Convicted,42,The state preferred an appeal against the acquittal of the accused by the trial court. The High Court re-examined the evidence including the testimony of eyewitnesses and forensic reports. The court found that there was no merit in the contentions raised by the petitioner and held that the respondent had not committed any illegality. The appeal was convicted.
ARB/7164/2019,Rajasthan High Court,Arbitration,2019-10-03,2027-11-21,2971,Justice Manoj Misra,M/s Tech Solutions Pvt Ltd,M/s ABC Industries,"Right to Information Act, 2005",Award Upheld,44,"The petitioner challenged the arbitral award dated 28/02/2022 passed by the sole arbitrator under Section 34 of the Arbitration and Conciliation Act, 1996. The dispute related to breach of supply agreement. The court examined whether the award suffered from any patent illegality or was in conflict with public policy. The court found that the petitioner had established a prima facie case. The petition was award upheld."
WP/4321/2018,Rajasthan High Court,Constitutional,2018-08-13,2021-05-05,996,Justice Manmohan,Meena Kumari,Reserve Bank of India,"Motor Vehicles Act, 1988",Allowed,16,A writ petition was filed challenging the constitutional validity of Section 124A IPC as being violative of Articles 14 and 19 of the Constitution of India. The petitioner contended that the impugned provision was arbitrary and unconstitutional. The respondent argued that the provision was a reasonable restriction in public interest. The court examined the provision in light of the constitutional provisions and precedents. The court held that the statutory provisions had been complied with. The petition was allowed.
LAB/9638/2019,Delhi High Court,Labour,2019-04-25,2023-10-24,1643,Justice Rajesh Bindal,Priya Mehta,Employees State Insurance Corporation,"Companies Act, 2013",Settled,35,"The workman challenged the termination of his services by the management under the Industrial Disputes Act, 1947. The labour court had held in favour of the workman. The management challenged this award before the High Court. The court examined whether there was a valid cause of action. The court held that the terms of the contract had been breached by the respondent. The writ petition was settled."
CON/5528/2019,Supreme Court of India,Consumer,2019-01-04,2019-10-05,274,Justice Pamidighantam Sri Narasimha,Manoj Tiwari,State of Maharashtra,"Transfer of Property Act, 1882",Allowed,4,"The complainant approached the Consumer Forum alleging deficiency in service by the opposite party regarding real estate. The complainant had paid Rs. 3,750,000 for the service/product. The opposite party denied the allegations and contended that the impugned provision was arbitrary and unconstitutional. The Forum found that that the impugned order was passed without following due process. The complaint was allowed and the opposite party was directed to pay compensation."
TAX/1587/2022,Allahabad High Court,Tax,2022-10-29,2028-09-26,2159,Justice Pamidighantam Sri Narasimha,Bharat Lal,Employees State Insurance Corporation,"Income Tax Act, 1961",Dismissed,31,The revenue appealed against the order of the Income Tax Appellate Tribunal which had ruled in favour of the assessee. The issue involved the taxability of deemed dividend under the Income Tax Act. The court analysed the statutory provisions and relevant case law. The court held that the statutory provisions had been complied with. The appeal filed by the revenue was dismissed.
ARB/8788/2022,Karnataka High Court,Arbitration,2022-03-08,2026-06-13,1558,Justice D.Y. Chandrachud,Harish Chandra,M/s XYZ Enterprises,"GST Act, 2017",Award Upheld,35,"The petitioner challenged the arbitral award dated 07/08/2023 passed by the sole arbitrator under Section 34 of the Arbitration and Conciliation Act, 1996. The dispute related to breach of supply agreement. The court examined whether the award suffered from any patent illegality or was in conflict with public policy. The court found that the petitioner had established a prima facie case. The petition was award upheld."
ARB/2684/2019,Delhi High Court,Arbitration,2019-03-08,2021-10-24,961,Justice S.C. Sharma,Rakesh Yadav,Reserve Bank of India,"Environmental Protection Act, 1986",Award Set Aside,20,"The respondent's application under Section 9 of the Arbitration and Conciliation Act, 1996 for interim measures was allowed by the trial court. The petitioner challenged this order. The High Court examined whether the balance of convenience lay in favour of granting interim relief. The court held that the impugned order was liable to be set aside. The appeal was award set aside."
TAX/4956/2023,Rajasthan High Court,Tax,2023-04-15,2024-02-18,309,Justice Vibhu Bakhru,Rajesh Singh,Labour Commissioner,Code of Criminal Procedure (CrPC),Partially Allowed,5,The revenue appealed against the order of the Income Tax Appellate Tribunal which had ruled in favour of the assessee. The issue involved the taxability of business income under the Income Tax Act. The court analysed the statutory provisions and relevant case law. The court held that the terms of the contract had been breached by the respondent. The appeal filed by the revenue was partially allowed.
CS/8658/2019,Andhra Pradesh High Court,Civil,2019-11-09,2022-03-17,859,Justice Navin Chawla,Lalita Bai,Reserve Bank of India,"Arbitration and Conciliation Act, 1996",Settled,11,"The petitioner filed a civil suit seeking recovery of money against the respondent. The court examined the evidence presented by both parties including documentary and oral testimony. After careful consideration of the legal arguments and precedents cited, the court found that the evidence on record clearly established the petitioner's case. The court held that the impugned order was liable to be set aside. The petition was settled with no order as to costs."
CON/5074/2022,Andhra Pradesh High Court,Consumer,2022-06-07,2025-01-20,958,Justice B.R. Gavai,Anil Gupta,State of Rajasthan,"Motor Vehicles Act, 1988",Settled,22,"The complainant alleged that the opposite party had sold a defective product and refused to replace or refund the amount. The District Consumer Forum had dismissed the complaint. In appeal, the State Commission examined the evidence and held that the statutory provisions had been complied with. The opposite party was directed to replace the defective product."
CON/9412/2019,Allahabad High Court,Consumer,2019-08-11,2020-12-06,483,Justice Hima Kohli,Manoj Tiwari,RERA Authority,Code of Civil Procedure (CPC),Allowed,11,"The complainant alleged that the opposite party had sold a defective product and refused to replace or refund the amount. The District Consumer Forum had dismissed the complaint. In appeal, the State Commission examined the evidence and held that the impugned order was liable to be set aside. The opposite party was directed to replace the defective product."
LAB/6618/2018,Madras High Court,Labour,2018-11-19,2019-07-28,251,Justice Sanjiv Khanna,Anil Gupta,Municipal Corporation,"Arbitration and Conciliation Act, 1996",Allowed,2,"The workman challenged the termination of his services by the management under the Industrial Disputes Act, 1947. The labour court had held in favour of the workman. The management challenged this award before the High Court. The court examined whether the limitation period had expired. The court held that the petitioner was entitled to the relief prayed for. The writ petition was allowed."
CS/8546/2022,Rajasthan High Court,Civil,2022-05-02,2026-05-21,1480,Justice Vibhu Bakhru,Anil Gupta,RERA Authority,"Negotiable Instruments Act, 1881",Allowed,30,"The plaintiff instituted a suit for recovery of money claiming damages of Rs. 3,800,000. The trial court had decreed the suit in favour of the plaintiff. On appeal, the High Court examined whether the lower court had correctly appreciated the evidence. The court, relying on the Supreme Court decision in AIR 2019 SC 1234, held that the impugned order was liable to be set aside. The appeal was accordingly allowed."
CON/1511/2022,Allahabad High Court,Consumer,2022-08-15,2028-08-31,2208,Justice A.S. Bopanna,Rajesh Singh,Commissioner of Income Tax,Indian Penal Code (IPC),Dismissed,64,"The complainant alleged that the opposite party had sold a defective product and refused to replace or refund the amount. The District Consumer Forum had dismissed the complaint. In appeal, the State Commission examined the evidence and held that the petitioner was entitled to the relief prayed for. The opposite party was directed to provide the promised service."
CR/9210/2022,Supreme Court of India,Criminal,2022-10-31,2030-07-29,2828,Justice Dhiraj Singh Thakur,Seema Agarwal,Municipal Corporation,"Arbitration and Conciliation Act, 1996",Case Withdrawn,79,"The accused was charged under Section 257 of the Indian Penal Code for the alleged offence of cheating. The prosecution examined 4 witnesses to establish its case. The court analysed the evidence on record and found that the evidence on record clearly established the petitioner's case. Having regard to the totality of evidence, the court held that the statutory provisions had been complied with. The accused was case withdrawn."
TAX/3317/2020,Punjab & Haryana High Court,Tax,2020-04-14,2026-04-06,2183,Justice Pamidighantam Sri Narasimha,Meena Kumari,Delhi Development Authority,"Transfer of Property Act, 1882",Partially Allowed,29,"The assessee challenged the assessment order passed by the Assessing Officer under Section 160 of the Income Tax Act, 1961 for the Assessment Year 2015-21. The dispute related to the disallowance of 3,500,000 as business expenditure. The court examined the nature of the expenditure and the applicable provisions. The court held that the statutory provisions had been complied with. The appeal was partially allowed."
CON/5776/2020,Allahabad High Court,Consumer,2020-02-17,2020-04-02,45,Justice Pamidighantam Sri Narasimha,Rekha Devi,M/s XYZ Enterprises,"Motor Vehicles Act, 1988",Allowed,1,"The complainant alleged that the opposite party had sold a defective product and refused to replace or refund the amount. The District Consumer Forum had dismissed the complaint. In appeal, the State Commission examined the evidence and held that the petitioner was entitled to the relief prayed for. The opposite party was directed to refund the amount with interest."
WP/1886/2020,Telangana High Court,Constitutional,2020-07-07,2027-05-28,2516,Justice Surya Kant,Anil Gupta,M/s ABC Industries,"Companies Act, 2013",Allowed,40,"The petitioner sought mandamus directing the respondent authority to replace the defective product. The court found that that the evidence on record clearly established the petitioner's case. In view of the settled legal position, the court directed the respondent to declaration. The petition was disposed of with these directions."
WP/4020/2021,Calcutta High Court,Constitutional,2021-07-08,2022-03-22,257,Justice Vibhu Bakhru,Anil Gupta,RERA Authority,"Motor Vehicles Act, 1988",Allowed,4,"A writ petition was filed challenging the constitutional validity of Section 124A IPC as being violative of Articles 14, 19 and 21 of the Constitution of India. The petitioner contended that the impugned provision was arbitrary and unconstitutional. The respondent argued that the provision was a reasonable restriction in public interest. The court examined the provision in light of the constitutional provisions and precedents. The court held that the respondent had not committed any illegality. The petition was allowed."
FAM/3395/2021,Karnataka High Court,Family,2021-07-13,2024-01-02,903,Justice Rajesh Bindal,Meena Kumari,Sita Devi,"Transfer of Property Act, 1882",Settled,18,"The respondent filed an application for maintenance under Section 97 of the Hindu Marriage Act. The applicant was not employed and was dependent on the respondent. The court assessed the income of the respondent and the needs of the applicant. The court held that the terms of the contract had been breached by the respondent. Maintenance of Rs. 1,500,000 per month was settled."
CON/1076/2022,Orissa High Court,Consumer,2022-09-05,2025-08-31,1091,Justice B.R. Gavai,M/s Sharma & Sons,Suresh Kumar,"Right to Information Act, 2005",Settled,14,"The complainant approached the Consumer Forum alleging deficiency in service by the opposite party regarding banking service. The complainant had paid Rs. 2,800,000 for the service/product. The opposite party denied the allegations and contended that the impugned provision was arbitrary and unconstitutional. The Forum found that that the petitioner had established a prima facie case. The complaint was settled and the opposite party was directed to pay compensation."
WP/8110/2018,Orissa High Court,Constitutional,2018-08-24,2026-10-16,2975,Justice Dhiraj Singh Thakur,Nirmala Devi,State of Rajasthan,"Transfer of Property Act, 1882",Allowed,81,A writ petition was filed challenging the constitutional validity of Section 66A IT Act as being violative of Articles 21 and 22 of the Constitution of India. The petitioner contended that the impugned provision was arbitrary and unconstitutional. The respondent argued that the provision was a reasonable restriction in public interest. The court examined the provision in light of the constitutional provisions and precedents. The court held that the impugned order was liable to be set aside. The petition was allowed.
CR/1597/2018,Gujarat High Court,Criminal,2018-11-22,2023-08-14,1726,Justice Yashwant Varma,Kavita Sharma,Consumer Forum,"Income Tax Act, 1961",Bail Granted,19,"The accused was charged under Section 396 of the Indian Penal Code for the alleged offence of theft. The prosecution examined 15 witnesses to establish its case. The court analysed the evidence on record and found that the respondent had failed to discharge its legal obligation. Having regard to the totality of evidence, the court held that the statutory provisions had been complied with. The accused was bail granted."
TAX/9955/2023,Andhra Pradesh High Court,Tax,2023-07-21,2029-07-05,2176,Justice B.R. Gavai,Manoj Tiwari,Sita Devi,"Negotiable Instruments Act, 1881",Allowed,27,The revenue appealed against the order of the Income Tax Appellate Tribunal which had ruled in favour of the assessee. The issue involved the taxability of interest income under the Income Tax Act. The court analysed the statutory provisions and relevant case law. The court held that the impugned order was liable to be set aside. The appeal filed by the revenue was allowed.
LAB/3198/2018,Andhra Pradesh High Court,Labour,2018-11-25,2023-11-12,1813,Justice Hima Kohli,Parveen Kumar,Central Board of Direct Taxes,"Specific Relief Act, 1963",Allowed,27,"The workman challenged the termination of his services by the management under the Industrial Disputes Act, 1947. The labour court had held in favour of the workman. The management challenged this award before the High Court. The court examined whether the limitation period had expired. The court held that the petitioner was entitled to the relief prayed for. The writ petition was allowed."
CR/9688/2022,Madras High Court,Criminal,2022-10-04,2030-10-13,2931,Justice S.C. Sharma,Sanjay Mishra,State of Rajasthan,"GST Act, 2017",Bail Granted,66,The state preferred an appeal against the acquittal of the accused by the trial court. The High Court re-examined the evidence including the testimony of eyewitnesses and forensic reports. The court found that the petitioner had established a prima facie case and held that the respondent had not committed any illegality. The appeal was bail granted.
FAM/4489/2020,Karnataka High Court,Family,2020-01-12,2025-12-02,2151,Justice Sanjiv Khanna,Union of India,Life Insurance Corporation,"Consumer Protection Act, 2019",Maintenance Awarded,65,"The petitioner filed a petition for possession of property under Section 247 of the Hindu Marriage Act, 1955. The parties had been married for 19 years and had 1 children. The court examined the grounds alleged and found that the evidence on record clearly established the petitioner's case. After considering the welfare of the children and the circumstances of the parties, the court held that the terms of the contract had been breached by the respondent. The petition was maintenance awarded."
CON/5896/2019,Karnataka High Court,Consumer,2019-06-02,2020-12-31,578,Justice Navin Chawla,Rajesh Singh,RERA Authority,"GST Act, 2017",Partially Allowed,11,"The complainant alleged that the opposite party had sold a defective product and refused to replace or refund the amount. The District Consumer Forum had dismissed the complaint. In appeal, the State Commission examined the evidence and held that the statutory provisions had been complied with. The opposite party was directed to refund the amount with interest."
CON/3334/2022,Bombay High Court,Consumer,2022-07-26,2027-07-26,1826,Justice A.S. Bopanna,Suresh Prasad,Central Board of Direct Taxes,Indian Penal Code (IPC),Dismissed,35,"The complainant alleged that the opposite party had sold a defective product and refused to replace or refund the amount. The District Consumer Forum had dismissed the complaint. In appeal, the State Commission examined the evidence and held that the statutory provisions had been complied with. The opposite party was directed to replace the defective product."
